,,,,,,,,,,,,,,,
,LEGENDARY GEMS,,,,,,,,,,,,,,
,,,,,,,,,,,,,,,
,,,,,,,,,,,,,,,
,PVP TIER LIST,,1* GEMS,,2* GEMS,,5* GEMS,,UPGRADING GEMS,,,RESONANCE GEMS,,,RESONANCE WINGS
,,,,,,,,,,,,,,,
,PVE TIER LIST,,GEM SETUPS,,,,,,GEM DETAILS R1-10,,,AUXILIARY GEMS,,,
,,,,,,,,,,,,,,,
,,,,,,,,,,,,,,,
,,,,,,,,,,,,,,,
,PVP Tier List,,,,,,,,,,,,,,
,Below is my personal tier list of legendary gems for PVP. ,,,,,,,,,,,,,,
,,,,,,,,,,,,,,,
,5-Star Gems,,,,,,,,,,,,,,
,S,"Roiling
Consequence","Haunt
Coil","Colossus
Engine","Blood Soaked
Jade","Blood
Foe","Bottled
Hope",,,,,,,,
,A,"Spiteful
Blood","Gloom
Cask","Void
Spark","Golden
Firmament",Wolfheart,"Starfire
Shard",,,,,,,,
,B,"Consecrated
Will","Chip of the 
Stoned Flesh","Seeping
Bile","Blessing of 
the Worthy","Frozen
Heart","Maw of
the Deep","Fated
Trail",Stormvault,,,,,,
,C,"Hellfire
Fragment","Howler's
Call","Echoing
Shade","Phoenix
Ashes",,,,,,,,,,
,D,"Zwenson's
Haunting",,,,,,,,,,,,,
,,,,,,,,,,,,,,,
,,,,,,,,,,,,,,,
,2-Star Gems,,,,,,,,,,,,,,
,S,"Crimson
Behelit","Pain
Clasp",Mourneskull,"Specter
Glass","Viper's
Bite","Mother's
Lament",,,,,,,,
,A,"Igneous
Scorn",Battleguard,"Rampant
Torch","Fervent
Fang","The Abiding
Curse","Cutthroat's
Grin",Manaflux,"Bloody
Reach",,,,,,
,B,"Fading
Nostrum","Cold
Confidant","Power &
Command","Grim
Rhythm","Tear of the
Comet","Mercy's
Harvest","Kir
Sling","Stubborn
Oracle",,,,,,
,C,"Unity
Crystal",Ironbane,Mossthorn,"Lightning
Core","Follower's
Burden",Manaflux,,,,,,,,
,D,The Hunger,"Volatility
Shard",,,,,,,,,,,,
,,,,,,,,,,,,,,,
,,,,,,,,,,,,,,,
,1-Star Gems,,,,,,,,,,,,,,
,S,Faltergrasp,"Misery
Elixir","Everlasting
Torment","The Black
Rose","Entropic
Well","Surging
Sea","Berserker's
Eye",,,,,,,
,A,"Eye of the
Unyielding","Pain of
Subjugation","Caarsen's
Invigoration","Lucent
Watcher","Havoc
Bearer","Blessed
Pebble","Mountain
Toe",Flaystone,,,,,,
,B,"Exigent
Echo","Freedom &
Devotion","Trickshot
Gem",,,,,,,,,,,
,C,Heartstone,"Respite
Stone","Lo's focused
Gaze","Defiant
Soul","Unrefined
Passage",,,,,,,,,
,D,"Nightmare
Wreath","Zod
Stone","Mocking
Laughter","Seled's
Weakening",,,,,,,,,,
,,,,,,,,,,,,,,,
,,,,,,,,,,,,,,,
,,,,,,,,,,,,,,,
,,,,,,,,,,,,,,,
,PVE Tier List,,,,,,,,,,,,,,
,Below is my personal tier list of legendary gems for PVE content. ,,,,,,,,,,,,,,
,,,,,,,,,,,,,,,
,,,,,,,,,,,,,,,
,5-Star Gems,,,,,,,,,,,,,,
,S,"Haunt
Coil","Roiling
Consequence","Colossus
Engine","Blood Soaked
Jade",Wolfheart,"Void
Spark","Bottled
Hope","Blood
Foe","Fated
Trail",,,,,
,A,"Gloom
Cask","Echoing
Shade","Golden
Firmament",Stormvault,"Starfire
Shard","Seeping
Bile",,,,,,,,
,B,"Consecrated
Will","Chip of the 
Stoned Flesh","Maw of
the Deep",,,,,,,,,,,
,C,"Hellfire
Fragment","Howler's
Call","Phoenix
Ashes","Spiteful
Blood","Blessing of 
the Worthy","Frozen
Heart",,,,,,,,
,D,"Zwenson's
Haunting",,,,,,,,,,,,,
,,,,,,,,,,,,,,,
,,,,,,,,,,,,,,,
,2-Star Gems,,,,,,,,,,,,,,
,S,"Specter
Glass","Pain
Clasp",Mourneskull,"Fervent
Fang","Viper's
Bite","Mother's
Lament",,,,,,,,
,A,"Igneous
Scorn","The Abiding
Curse","Cutthroat's
Grin","Volatility
Shard","Grim
Rhythm","Mercy's
Harvest",,,,,,,,
,B,"Bloody
Reach","The Crimson
Behelit","Power &
Command","Lightning
Core","Tear of the
Comet",The Hunger,Manaflux,,,,,,,
,C,"Unity
Crystal",Ironbane,"Cold
Confidant","Follower's
Burden",,,,,,,,,,
,D,"Kir
Sling",Mossthorn,Battleguard,"Stubborn
Oracle","Fading
Nostrum","Rampant
Torch",,,,,,,,
,,,,,,,,,,,,,,,
,,,,,,,,,,,,,,,
,1-Star Gems,,,,,,,,,,,,,,
,S,"Berserker's
Eye","Everlasting
Torment","Misery
Elixir","Blessed
Pebble","Entropic
Well","Surging
Sea",,,,,,,,
,A,"Eye of the
Unyielding","Pain of
Subjugation","Caarsen's
Invigoration","Havoc
Bearer",,,,,,,,,,
,B,"Freedom &
Devotion","Trickshot
Gem",,,,,,,,,,,,
,C,Heartstone,"Respite
Stone","Lo's focused
Gaze","Defiant
Soul","Unrefined
Passage","Mountain
Toe",Flaystone,,,,,,,
,D,"Nightmare
Wreath","Zod
Stone","Mocking
Laughter","Seled's
Weakening",Faltergrasp,"The Black
Rose","Lucent
Watcher","Exigent
Echo",,,,,,
,,,,,,,,,,,,,,,
,,,,,,,,,,,,,,,
,,,,,,,,,,,,,,,
,,,,,,,,,,,,,,,
,Overview of Legendary Gems,,,,,,,,,,,,,,
,,,,,,,,,,,,,,,
,Core Mechanics:,,,,,,,,,,,,,,
,Buffs: The duration of a buff that's triggered by a legendary gem can usually be prolongued by Vithus (+30%) and your Magic Affixes that give you Benefitial Duration. Those buffs are colored green in the table,,,,,,,,,,,,,,
,"However, there are some gems where the Vithu's 2pc Buff does not work (e.g. Mother's Lament, Crimson Behelit)",,,,,,,,,,,,,,
,"CC: The duration of Control-Effects like slow, chill, stun, freeze can be prolongued by Baron's 2pc and your Potency Stat . these durations are colored yellow in the table",,,,,,,,,,,,,,
,DOT: The duration of Damage-over-time effects of Legendary Gems can also be prolongued by Baron's 2pc and your Potency Stat these durations are colored yellow in the table,,,,,,,,,,,,,,
,"Debuff: The duration of debuffs (Vulnerability, Armorbreak) caused by legendary Gems can also be prolongued by 2pc Baron's and your Potency stat and is colored yellow in the table.",,,,,,,,,,,,,,
,Strife: Usually Legendary Gem Effects are strifed by 70% in Battlegrounds. But there are some exceptions. ,,,,,,,,,,,,,,
,,,,,,,,,,,,,,,
,,,,,,,,,,,,,,,
,1* Gems,,,,,,,,,,,,,,
,,,,,,,,,,,,,,,
,Gem Name,"Star 
Quality","OFF/
DEF/ALL","Effect
Type","Dmg
Type",Strifed,Gem Effect,,,Max.,Duration,Cooldown,,,
,Blessed Pebble,1,ALL,permanent,,strifed,Benefitial Duration increased +X%,,,12%,,,,,
,,,ALL,Buff,,not strifed,Movement Speed +X% after buff,,,8%,3,0,,,
,Berserkers Eye,1,OFF,permanent,,strifed,All Damage increased by X%,,,16%,,,,,
,,,OFF,permanent,,strifed,Critical Hit Chance +X%,,,2%,,,,,
,"Ca'arsens
Invigoration",1,OFF,permanent,,strifed,Primary Attack Speed +X%,,,16%,,,,,
,,,OFF,permanent,,strifed,Primary Attack Damage +X%,,,2%,,,,,
,"Everlasting
Torment",1,OFF,DOT,Continual,strifed,Damage +X% /s over Time,,,24%,6,20,,,
,,,OFF,Buff,,,Attack Speed +X% increase per enemy,,,6%,,,,,
,Chained Death,1,OFF,permanent,,strifed,"All Damage increased 2,5% per target",,,"17,5%",,,,,
,Trickshot Gem,1,ALL,permanent,,strifed,Energy Consumption +X% slower,,,24%,,,,,
,,,DEF,conditional,,,Damage Reduction while channeling,,,2%,,,,,
,The Black Rose,1,OFF,LOC,,strifed,24% chance to Immobilize,,,,"3,3",20,,,
,Gem Name,"Star 
Quality",OFF/DEF/ALL,"Effect
Type","Dmg
Type",Strifed,Gem Effect,,,Max.,Duration,Cooldown,,,
,"Seeled's
Weakening",1,OFF,Buff,,strifed,All Damage increased after killing Elites,,,18%,60,0,,,
,,,OFF,permanent,,n.r.,Damage vs Elites,,,4%,,,,,
,Zod Stone,1,OFF,permanent,,strifed,Ultimate Duration,,,48%,,,,,
,,,OFF,permanent,,,Ultimate Damage,,,8%,,,,,
,Respite Stone,1,DEF,permanent,,strifed,Damage Reduction every 10% life lost,,,16%,,,,,
,,,DEF,conditional,,,Block Chance while below 50% life,,,6%,,,,,
,"Nightmare 
Wreath",1,OFF,TLOC,,strifed,10% chance to Fear after killing enemies,,,,"2,4",20,,,
,,,OFF,conditional,,,All damage increased vs fleeing opp.,,,8%,,,,,
,"Pain of 
Subjugation",1,OFF,permanent,,strifed,Damage vs LOC,,,16%,,,,,
,,,DEF,permanent,,,Dmg taken while suffering LOC,,,4%,,,,,
,Defiant Soul,1,OFF,Damage,Damage,strifed,Counter Attack each time you block,,,192%,,20,,,
,,,DEF,Buff,,,Damage Reduction,,,6%,3,20,,,
,"Freedom and 
Devotion",1,ALL,permanent,,strifed,Summons Duration,,,24%,,,,,
,,,OFF,permanent,,,Summons Damage,,,3%,,,,,
,Gem Name,"Star 
Quality",OFF/DEF/ALL,"Effect
Type","Dmg
Type",Strifed,Gem Effect,,,Max.,Duration,Cooldown,,,
,Mocking Laughter,1,OFF,LOC,,n.r.,taunt when hitting mobs with PA,,,,6,,,,
,,,DEF,conditional,,n.r.,Damage Reduction vs taunted mobs,,,8%,,,,,
,Heartstone,1,DEF,permanent,,strifed,Shield Duration,,,36%,,,,,
,,,DEF,permanent,,,Reduce LOC Duration while shield active,,,24%,,,,,
,Lo's focused Gaze,1,OFF,permanent,,strifed,Charge Skill Damage,,,20%,,,,,
,,,ALL,permanent,,not strifed,Charge Skill Speed,,,32%,,,,,
,Exigent Echo,1,DEF,Buff,,strifed,Block Chance inc. after being critical hit,,,30%,6,20,,,
,,,DEF,conditional,,,Damage Reduction when blocking,,,12%,6,20,,,
,"Eye of the
Unyielding",1,OFF,permanent,,strifed,Continual Damage,,,16%,,,,,
,,,OFF,permanent,,,Continual Damage taken,,,4%,,,,,
,"Unrefined
Passage",1,DEF,permanent,,strifed,Damage taken while moving,,,15%,,,,,
,,,DEF,permanent,,not strifed,Slow Resistance,,,4%,,,,,
,Gem Name,"Star 
Quality",OFF/DEF/ALL,"Effect
Type","Dmg
Type",Strifed,Gem Effect,,,Max.,Duration,Cooldown,,,
,Misery Elixir,1,OFF,permanent,,strifed,Duration of harmful effects,,,24%,,,,,
,,,OFF,permanent,,,Damage vs harmful,,,2%,,,,,
,Lucent Watcher,1,DEF,permanent,,strifed,Reduce Duration of LOC,,,24%,,,,,
,,,DEF,permanent,,,Dmg taken while suffering LOC,,,4%,,,,,
,Entropic Well,1,OFF,permanent,,strifed,Skill Damage,,,18%,,,,,
,,,OFF,permanent,,,Skill Attack Speed,,,4%,,,,,
,Havoc Bearer,1,OFF,Buff,,strifed,All damage inc. after dash,,,18%,2,6,,,
,,,OFF,Buff,,,Attack Speed inc. after dash,,,4%,2,6,,,
,Faltergrasp,1,OFF,LOC,,strifed,prevent the use of Dash skills,,,,"3,6",20,,,
,,,OFF,LOC,,,Apply Slow,,,24%,"3,6",20,,,
,Surging Sea,1,OFF,conditional,,strifed,Using a skill increases skill dmg +X%,,,"2,4 -24%",3,,,,
,,,OFF,permanent,,not strifed,Skill cooldown +X%,,,2%,,,,,
,"Mountain
Toe",1,DEF,permanent,,strifed,Critical Resistance +X%,,,12%,,,,,
,,,DEF,permanent,,strifed,Critical Hit Damage taken reduced +X%,,,4%,,,,,
,Flaystone,1,OFF,permanent,,strifed,Damage vs Shielded enemies +X%,,,27%,,,,,
,,,OFF,permanent,,strifed,CHC vs Shielded enemies +X%,,,4%,,,,,
,,,,,,,,,,,,,,,
,,,,,,,,,,,,,,,
,2* Gems,,,,,,,,,,,,,,
,,,,,,,,,,,,,,,
,Gem Name,"Star 
Quality",OFF/DEF/ALL,"Effect
Type","Dmg
Type",Strifed,Gem Effect,,,Max.,Duration,Cooldown,,,
,Battleguard,2,DEF,permanent,,strifed,reduce all melee dmg,,,24%,,,,,
,,,DEF,conditional,,not strifed,Move unhindered if life below ,,,60%,,,,,
,"Power &
Command",2,OFF,conditional,,strifed,Skill Damage,,,24%,9,9,,,
,,,OFF,conditional,,strifed,Primary Attack Damage,,,24%,9,9,,,
,,,DEF,dispel,,not strifed,30% chance to Dispel a harmful effect,,,,,9,,,
,Fervent Fang,2,OFF,permanent,,strifed,"All damage +2,4% per stacking attack",,,24%,,,,,
,,,OFF,permanent,,n.r.,Damage vs Elites,,,4%,,,,,
,Lightning Core,2,OFF,Damage,,strifed,Lightning Strike when PA fully charged,,,280%,,20,,,
,,,OFF,Buff,,,All damage after LS,,,12%,3,20,,,
,Cutthroat's Grin,2,OFF,permanent,,strifed,CHC when attacking from behind,,,24%,,,,,
,,,OFF,permanent,,,All damage when attacking from behind,,,4%,,,,,
,Pain Clasp,2,OFF,permanent,,strifed,All damage vs suffering from continual,,,24%,,,,,
,,,OFF,conditional,,not strifed,Movement Speed within 10yd of suff.,,,6%,,,,,
,Gem Name,"Star 
Quality",OFF/DEF/ALL,"Effect
Type","Dmg
Type",Strifed,Gem Effect,,,Max.,Duration,Cooldown,,,
,Bloody Reach,2,OFF,permanent,,strifed,All damage +6% for each 2yd,,,24%,,,,,
,,,OFF,LOC,,not strifed,"1,2% chance from PA attacks to Slow ",,,35%,3,,,,
,Viper's Bite,2,OFF,DOT,,strifed,Damage over time,,,45%,6,20,,,
,,,OFF,Debuff,,not strifed,Reduce Attack Speed X%,,,6%,6,20,,,
,The Hunger,2,DEF,Heal,,strifed,Heal after you kill an enemy,,,140%,,20,,,
,,,ALL,Buff,,,Movement Speed after you kill an enemy,,,16%,3,20,,,
,"The Abiding 
Curse",2,OFF,LOC,,strifed,15% chance to Slow,,,35%,"7,5",20,,,
,,,OFF,Debuff,,,cursed enemies are Vulnerable,,,10%,"7,5",20,,,
,Unity Crystal,2,DEF,permanent,,strifed,Damage taken reduced 6yd party,,,"4,5%",,,,,
,,,OFF,permanent,,,All Damage 6yd party,,,"3,6%",,,,,
,"Followers 
Burden",2,OFF,permanent,,strifed,All Damage +6% per summon,,,18%,,,,,
,,,DEF,permanent,,,Damage taken by summons,,,6%,,,,,
,Gem Name,"Star 
Quality",OFF/DEF/ALL,"Effect
Type","Dmg
Type",Strifed,Gem Effect,,,Max.,Duration,Cooldown,,,
,Kir Sling,2,DEF,LOC,,strifed,15% Chance to Blind X seconds,,,,4,20,,,
,,,DEF,Debuff,,,Vulnerable X%,,,14%,4,20,,,
,"Volatility
Shard",2,OFF,Damage,,strifed,Explosion after killing an enemy,,,90%,,6,,,
,,,OFF,Buff,,,All Damage after killing an enemy,,,8%,2,6,,,
,"Mothers
Lament",2,OFF,Buff*,,strifed,20% chance to inc. Critical Hit Chance,,,32%,6,20,,,
,,,OFF,Damage,,,Explosion causes bleed if hits,,,54%,,20,,,
,Ironbane,2,OFF,Debuff,,strifed,10% chance w. channeling to Armorbreak,,,15%,6,20,,,
,,,OFF,CC,,,Slow X seconds,,,16%,6,20,,,
,Igneous Scorn,2,OFF,Damage,,strifed,critical hits cause Explosion,,,120%,,6,,,
,,,OFF,Buff,,,All Damage,,,10%,2,6,,,
,Grim Rhythm,2,OFF,Buff,,strifed,"Attack Speed +2,4% per stack",,,24%,3,0,,,
,,,OFF,Buff,,,Movement Speed at full stack,,,12%,3,0,,,
,Tear of the Comet,2,OFF,Damage,Damage,strifed,2 x Missile Damage per s channeled,,,32%,,,,,
,,,OFF,permanent,,,Channeled Damage,,,6%,,,,,
,Gem Name,"Star 
Quality",OFF/DEF/ALL,"Effect
Type","Dmg
Type",Strifed,Gem Effect,,,Max.,Duration,Cooldown,,,
,Mossthorn,2,OFF,Damage,Damage,strifed,"Counter Attack every 0,5s",,,50%,6,20,,,
,,,DEF,Buff,,,Damage taken reduced,,,8%,6,20,,,
,Cold Confidant,2,OFF,Summon,Damage,strifed,Ice Damage,,,85%,6,20,,,
,,,OFF,LOC,,,Chill X seconds,,,,6,20,,,
,Mourneskull,2,OFF,Buff,,strifed,All Damage +when hitting 3 enemies,,,36%,6,20,,,
,,,OFF,Damage,Damage,,Missile Damage every s,,,12%,6,20,,,
,Mercy's Harvest,2,OFF,Conjure,Damage,strifed,Reaper Damage vs enemies <30% life,,,145%,,6,,,
,,,OFF,Buff,,,All Damage 2% per enemy killed,,,12%,30,6,,,
,Specter Glass,2,OFF,Debuff,,strifed,Armorbreak,,,28%,2,6,,,
,,,OFF,Debuff,,,Critical Hit Chance,,,4%,2,6,,,
,"Crimson
Behelit",2,OFF,Buff*,,strifed,All Damage +X%,,,30%,6,20,,,
,,,DEF,Buff*,,strifed,Damage Reduction,,,30%,6,60,,,
,,,ALL,TLOC,,not strifed,AoE Fear X seconds,,,,"1,6",20/60,,,
,"Stubborn
Oracle",2,DEF,Buff,,strifed,Block Chance +X%,,,48%,6,20,,,
,,,DEF,Buff,,strifed,Reduce LOC duration +X%,,,9%,6,20,,,
,Manaflux,2,OFF,Conjure,Fire,strifed,Deal dmg + Burn for 30% base dmg,,,310%,4,20,,,
,,,OFF,Conjure,Damage,strifed,Deal dmg + silence enemies,,,310%,4,20,,,
,"Fading
Nostrum",2,DEF,Buff,,strifed,Continual Damage reduced +X%,,,42%,6,20,,,
,,,DEF,Buff,,strifed,Chance to block projectiles +X%,,,12%,6,20,,,
,"Rampant
Torch",2,DEF,Buff,,strifed,Damage taken reduced + X%,,,15%,6,20,,,
,,,DEF,Buff,,strifed,Continual Damage reduced +X%,,,8%,6,20,,,
,,,,,,,,,,,,,,,
,,,,,,,,,,,,,,,
,5* Gems,,,,,,,,,,,,,,
,,,,,,,,,,,,,,,
,Gem Name,"Star 
Quality",OFF/DEF/ALL,"Effect
Type","Dmg
Type",Strifed,Gem Effect,,,Max.,Duration,Cooldown,,,
,"Blood Soaked
Jade",5,OFF,permanent,,strifed,All Damage,,,24%,,,,,
,,,DEF,permanent,,strifed,Damage Reduction,,,8%,,,,,
,Seeping Bile,5,OFF,DOT,,strifed,5% chance to cause Damage over time,,,65%,6,20,,,
,,,OFF,LOC,,strifed,Slow X% for 6s,,,24%,6,20,,,
,Echoing Shade,5,OFF,Summon,,not strifed,2 Shadow Clones,,,,30,,,,
,,,OFF,Summon,,not strifed,3 Shadow Clones +100% health,,,,30,,,,
,Bottled Hope,5,OFF,Buff,,strifed,All Damage + Movement Speed,,,24%,6,20,,,
,,,OFF,permanent,,not strifed,Cooldown Reduction,,,6%,,,,,
,Phoenix Ashes,5,DEF,Buff,,strifed,Cheat Death + Shield,,,1050%,6,180,,,
,,,DEF,heal,,,Heal after Shield expires,,,80%,,180,,,
,"Blessing of the
Worthy",5,OFF,Damage,Damage,strifed,20% chance Counter Attack (max.Life),,,28%,,20,,,
,,,DEF,Buff,,strifed,Damage Reduction,,,16%,6,20,,,
,Howler's Call,5,OFF,Summon,,strifed,Charging Wolf,,,360%,,20,,,
,,,OFF,LOC,,not strifed,48% chance to Stun,,,,3,20,,,
,Gem Name,"Star 
Quality",OFF/DEF/ALL,"Effect
Type","Dmg
Type","Elemental
Type",Gem Effect,,,Max.,Duration,Cooldown,,,
,"Zwensons
Haunting",5,OFF,Summon,Damage,strifed,when you kill summon Dark Beast,,,120%,1,6,,,
,,,OFF,Summon,Damage,not strifed,48% chance for +1 Dark Beast,,,120%,1,6,,,
,"Chip of the
stone flesh",5,OFF,Damage,Damage,strifed,curse enemies when you inflict LOC,,,450%,,,,,
,,,OFF,Debuff,,strifed,Vulnerable,,,24%,3,,,,
,Frozen Heart,5,DEF,Buff,,strifed,Absorb Shield,,,360%,6,20,,,
,,,DEF,LOC,,not strifed,X% chance to freeze,,,60%,3,20,,,
,"Consecrated
Will",5,OFF,Damage,Damage,strifed,Deal Dmg after Dash,,,135%,,0,,,
,,,OFF,Buff,,,Dmg & Movement Speed +X%,,,16%,2,6,,,
,"Hellfire
Fragment",5,OFF,Damage,Damage,strifed,Fire 3 missiles deal X% dmg,,,108%,,20,,,
,,,OFF,Damage,Damage,strifed,Deal X% Additional. Dmg,,,50%,,20,,,
,Gloom Cask,5,OFF,Buff,Damage,strifed,PA Buff Gloom Blades,,,68%,6,20,,,
,,,OFF,Debuff,Damage,strifed,Vulnerable to PA,,,24%,3,20,,,
,Starfire Shard,5,OFF,CC,Damage,strifed,50% chance for AoE + Knockback,,,500%,,20,,,
,,,OFF,DOT,Damage,strifed,Burn Ground,,,40%,2,20,,,
,Gem Name,"Star 
Quality",OFF/DEF/ALL,"Effect
Type","Dmg
Type","Elemental
Type",Gem Effect,,,Max.,Duration,Cooldown,,,
,Spiteful Blood,5,OFF,Buff,,strifed,All Damage if attacked + health <50%,,,30%,4,20,,,
,,,DEF,Buff,,strifed,Gain Absorb Shield,,,160%,4,20,,,
,,,DEF,Buff,,not strifed,Immunity to PA,,,,4,20,,,
,Void Spark,5,OFF,Buff,Damage,strifed,30% chance of Lightning Strike ,,,110%,6,20,,,
,,,OFF,Buff,,strifed,Attack Speed +X%,,,16%,6,20,,,
,"Maw of the 
Deep",5,OFF,CC,Damage,strifed,Damage + Knock Up,,,450%,,20,,,
,,,OFF,Debuff,,strifed,Armorbreak,,,24%,6,20,,,
,"Roiling 
Consequence",5,OFF,Buff,,strifed,Critical Hit Chance,,,42%,6,20,,,
,,,OFF,Buff,,strifed,CHC vs burning enemies,,,12%,6,20,,,
,,,OFF,DOT,Continual,strifed,apply burn,,,36%,3,20,,,
,"Hilt of many
Realms",5,OFF,Damage,Damage,strifed,5 swords,,,125%,,20,,,
,,,OFF,CC,Damage,,50% chance of knockback + sword rain,,,50%,,20,,,
,Stormvault,5,OFF,Conjure,Damage,strifed,conjure storm follows,,,50%,6,20,,,
,,,OFF,LOC,Damage,strifed,Dmg + Slow 10%,,,24%,3,20,,,
,Gem Name,"Star 
Quality",OFF/DEF/ALL,"Effect
Type","Dmg
Type","Elemental
Type",Gem Effect,,,Max.,Duration,Cooldown,,,
,Wolfheart,5,OFF,Buff,Damage,strifed,deal X% additional dmg every 5 hits,,,95%,6,20,,,
,,,OFF,Buff,,strifed,Attack Speed +X%,,,14%,3,20,,,
,"Golden
Firmament",5,DEF,Damage,Damage,strifed,3 Wind Blades / s dealing X% dmg,,,110%,6,20,,,
,,,OFF,Buff,,strifed,Evasion Rating +X%,,,12%,6,20,,,
,Colossus Engine,5,OFF,Buff,,strifed,Skill Damage +X%,,,50%,6,20,,,
,,,ALL,Buff,,strifed,Size & Range increased,,,20%,6,20,,,
,,,DEF,Buff,,not strifed,Knockback Immunity,,,,"4,8",20,,,
,Blood Foe,5,OFF,Buff,,strifed,Skill Damage +X%,,,20%,6,20,,,
,,,OFF,Buff,,strifed,Critical Hit Damage +X%,,,40%,6,20,,,
,,,OFF,DOT,Continual,strifed,Cause Bleed ,,,10%,3,20,,,
,,,OFF,Buff,,strifed,CHC near bleeding enemies +X%,,,4 - 16%,6,20,,,
,Haunt Coil,5,OFF,Debuff,,strifed,Enemies take increased damage +X%,,,45%,6,20,,,
,,,DEF,Debuff,,strifed,Enemies deal reduced Damage + X%,,,45%,6,20,,,
,,,OFF,Damage,,strifed,Enemies unleash blasts dealing X% dmg,,,40%,6,20,,,
,Fated Trail,5,OFF,Buff,,strifed,Deal damag eq to X% of your max.Life,,,10%,6,20,,,
,,,OFF,Debuff,,strifed,Armorbreak + X%,,,4 - 24%,2,20,,,
,,,OFF,LOC,,strifed,Immobilize,,,,"1,5",20,,,
,,,,,,,,,,,,,,,
,,,,,,,,,,,,,,,
,,,,,,,,,,,,,,,
,UPGRADING LEGENDARY GEMS,,,,,,,,,,,,,,
,,,,,,,,,,,,,,,
,Gem Power,,,,,,,,,,,,,,
,"Each Legendary Gem can be used to upgrade another legendary gem. it becomes ""fodder"" for the other gem and the upgrade material itself is ""Gem Power""",,,,,,,,,,,,,,
,you can use already upgraded gems as fodder - just be careful that you do not crunch one of your gems by accident,,,,,,,,,,,,,,
,,,,,,,,,,,,,,,
,Gem Power of Legendary Gems per Rank / Extraction,,,,,,,,,,,,,,
,Rank,1* Gem,Extraction,Dormant 1*,2* Gem,Extraction,Dormant 2*,5* Gem,Extraction,Dormant 5*,,,,,
,1,1,0,1,4,0,4,32,0,32,,,,,
,2,2,1,1,9,5,4,82,50,32,,,,,
,3,7,6,1,24,20,4,189,125,64,,,,,
,4,17,16,1,48,36,12,321,225,96,,,,,
,5,32,31,1,81,65,16,731,475,256,,,,,
,6,53,51,2,186,150,36,1298,850,448,,,,,
,7,79,76,3,291,235,56,2407,1575,832,,,,,
,8,110,106,4,420,340,80,3516,2300,1216,,,,,
,9,151,146,5,606,490,116,5167,3375,1792,,,,,
,10,202,196,6,849,685,164,6818,4450,2368,,,,,
,,,,,,,,,,,,,,,
,Only for 5* Gems:,,,,,,,,,,,,,,
,When you extract Gem Power your Gem becomes dormant. However you can still socket it. It will re-awaken with all its effects when the Resonance Gems,,,,,,,,,,,,,,
,inside the Gem are filled with equal or more Gem Power than the now dormant Gem had before,,,,,,,,,,,,,,
,"The ""new"" Resonance of the Gem is:",,,,,,,,,,,,,,
,Original Resonance of the Ranked Gem (e.g. 1000 for a R10 5/5),,,,,,,,,,,,,,
,Reduced Resonance of the Resonance Gems (e.g. 2 per Rank for a 2-Star and 10 per Rank for a 5-Star),,,,,,,,,,,,,,
,Additional Resonance ( = Gem Power of all socketed Resonance Gems / 200). This only works with R10 5* Gems,,,,,,,,,,,,,,
,,,,,,,,,,,,,,,
,Rank,"Normal
Resonance
5/5",GP,"Slot 1

2*","Slot 2

2*","Slot 3
R6+
2*","Slot 4
R7+
5*","Slot 5
R8+
5*","Max.
Resonance
Inside Gems","Max.
Additional
Reso",,,,,
,4,400,321,20,20,,,,40,0,,,,,
,5,500,731,20,20,,,,40,0,,,,,
,6,600,1298,20,20,20,,,60,0,,,,,
,7,700,2407,20,20,20,110,,170,0,,,,,
,8,800,3516,20,20,20,110,110,280,0,,,,,
,9,900,5167,20,20,20,110,110,280,0,Max,,,,
,10,1000,6818,20,20,20,110,110,280,80,1360,,,,
,,,,,,,,,,,,,,,
,,,,,,,,,,,,,,,
,Resonance Wings & Additional Resonance,,,,,,,,,,,,,,
,By Reaching certain Resonance Thresholds you unlock additional Legendary Gem Sockets in your Wings which you can use to further increase your Resonance,,,,,,,,,,,,,,
,The Gems in these slots have no effects other than boosting your Resonance,,,,,,,,,,,,,,
,,,,,,,,,,,,,,,
,,,,,,,,,,,,,,,
,Resonance,"No. of
Slots","Max. Reso
 per Slot","Max
Sum","Max.
Add.Reso",,Reso from,Reso,Add.Reso,,,,,,
,6000,4,100,400,136,,Gems,8000,0,,,,,,
,7000,8,100,800,272,,Inside Gems,2240,640,,,,,,
,8000,12,100,1200,409,,Wings,1600,545,Max,,,,,
,8500+,16,100,1600,545,,Total,11840,1185,13025,,,,,
,,,,,,,,,,,,,,,
,,,,,,,,,,,,,,,
,Upgrade Cost,,,,,,,,,,,,,,
,you can upgrade your legendary gems at the Apprentice Jeweler in Westmarch or any other safe zone (or in castle cyrangar),,,,,,,,,,,,,,
,"all you need to upgrade a Legendary Gem is the Gem itself, some Gem Power and (depending on the upgrade level) some more Rank 1 copies of the Legendary Gem.",,,,,,,,,,,,,,
,"Legendary Gems can now be upgraded in smaller increments. Starting at Rank 4, Legendary Gems receive smaller incremental upgrades when combining each",,,,,,,,,,,,,,
,"duplicate copy of the Gem, instead of requiring the full set to upgrade it to the next Rank. This change does not lower the overall number of Gems required to upgrade.",,,,,,,,,,,,,,
,,,,,,,,,,,,,,,
,Rank Upgrade,1-Star,,,,2-Star,,,,5-Star,,,,,
,,"Copies
Upgrade","Copies
per Rank","Gem Power
Upgrade","Gem Power
per Rank","Copies
Upgrade","Copies
per Rank","Gem Power
Upgrade","Gem Power
per Rank","Copies
Upgrade","Copies
per Rank","Gem Power
Upgrade","Gem Power
per Rank",,
,1,1,1,1,1,1,1,4,4,1,1,32,32,,
,1-->2,,1,1,2,,1,5,9,,1,50,82,,
,2-->3,,1,5,7,,1,15,24,1,2,75,157,,
,3-->4,,1,10,17,1,2,25,49,1,3,100,257,,
,4-->5,,1,15,32,2,4,20,69,5,8,250,507,,
,5-->6,1,2,20,52,5,9,85,154,6,14,375,882,,
,6-->7,1,3,25,77,5,14,85,239,12,26,725,1607,,
,7-->8,1,4,30,107,6,20,105,344,12,38,725,2332,,
,8-->9,1,5,40,147,9,29,150,494,18,56,1075,3407,,
,9-->10,1,6,50,197,12,41,195,689,18,74,1075,4482,,
,Sum,6,,197,,41,,689,,74,,4482,,,
,,,,,,,,,,,,,,,
,,,,,,,,,,,,,,,
,Combat Rating & Resonance,,,,,,,,,,,,,,
,"The Legendary Gems increase your Resonance as well as your Combat Rating. For 5-Star Gems, the better the quality, the more Resonance + Combat Rating you get at each rank.",,,,,,,,,,,,,,
,"When reaching Rank 4 you can slot in additional ""Resonance Gems"" inside our Legendary Gems to awaken effects and further boost your Resonance",,,,,,,,,,,,,,
,,,,,,,,,,,,,,,
,Rank,1-Star,,2-Star,,5-Star,,,,,,,,,
,,CR,Reso,CR,Reso,CR 2/5,Reso 2/5,CR 3/5,Reso 3/5,CR 4/5,Reso 4/5,CR 5/5,Reso 5/5,,
,1,8,15,12,30,12,30,18,60,22,90,24,100,,
,2,12,30,18,60,24,110,36,140,44,180,48,200,,
,3,16,45,24,90,44,190,56,230,66,270,72,300,,
,4,20,60,30,120,66,280,78,320,88,360,96,400,,
,5,24,75,36,150,88,370,100,410,110,450,120,500,,
,6,28,90,42,180,110,460,122,500,132,540,144,600,,
,7,32,105,48,210,132,550,144,590,154,630,168,700,,
,8,36,120,54,240,154,640,166,680,176,720,192,800,,
,8,40,135,60,270,176,730,188,770,198,810,216,900,,
,10,44,150,66,300,198,820,210,860,240,900,240,1000,,
,Gem Resonance,1-Star,,2-Star,,5-Star,,,,,,,,,
,1,,160,,310,,840,,880,,920,,1020,,
,2,,170,,330,,860,,900,,940,,1040,,
,3,,,,350,,880,,920,,960,,1060,,
,4,,,,,,980,,1020,,1060,,1160,,
,5,,,,,,1080,,1120,,1160,,1260,,
,,,,,,,,,,,,,,,
,,,,,,,,,,,,,,,
,,,,,,,,,,,,,,,
,Resonance Gems,,,,,,,,,,,,,,
,When your Legendary Gems reach Rank 4 you can slot in other Legendary Gems (Resonance Gems) to unlock effects (see above) and further boost your resonance.,,,,,,,,,,,,,,
,To unlock the effects you have to slot in specific Legendary Gems:,,,,,,,,,,,,,,
,,,,,,,,,,,,,,,
,,,,,,,,,,,,,,,
,1* Gem,Resonance Gems,,"Reso Gem
Effect 1","Reso Gem
Effect 2","Gem is used as
Resonance Gem in 1*",,"Gem is used as
Resonance Gem in 2*",,,,,,,
,Blessed Pebble,"1. Zod Stone
2. Respite Stone",,"dmg taken
moving 3%","dmg taken
LOC 4%","[ 2 ] Lo's Focused Gaze
[ 1 ] Entropic Well",,"[ 1 ] The Abiding Curse
[ 1 ] Pain Clasp",,,,,,,
,Berserkers Eye,"1. Everlasting Torment
2. Mocking Laughter",,"PA dmg
3%","Skill Dmg
2%","[ 2 ] Chained Death
[ 2 ] Mocking Laughter
[ 2 ] Eye of the Unyielding
[ 1 ] Mountain Toe",,,,,,,,,
,"Ca'arsens
Invigoration","1. Zod Stone
2. The Black Rose",,"PA dmg
3%","Skill Dmg
2%","[ 1 ] Pain of Subjugation
[ 1 ] Mocking Laughter
[ 2 ] Nightmare Wreath
[ 2 ] Misery Elixir",,,,,,,,,
,"Everlasting
Torment","1. Trickshot Gem
2. Pain of Subjugation",,"PA dmg
3%","Skill Dmg
2%","[ 1 ] Berserker's Eye
[ 1 ] Respite Stone",,"[ 1 ] Bloody Reach
[ 1 ] Igneous Scorn
[ 1 ] Manaflux",,,,,,,
,Chained Death,"1. Seled's Weakening
2. Berserkers Eye",,"PA dmg
3%","Skill Dmg
2%","[ 2 ] Defiant Soul
[ 2 ] Freedom & Devotion",,"[ 1 ] Fervent Fang
[ 1 ] Mother's Lament",,,,,,,
,Trickshot Gem,"1. Freedom & Devotion
2. Nightmare Wreath",,"PA dmg
3%","Skill Dmg
2%","[ 1 ] Everlasting Torment
[ 1 ] The Black Rose
[ 1 ] Freedom & Devotion",,,,,,,,,
,The Black Rose,"1. Trickshot Gem
2. Pain of Subjugation",,"dmg taken
LOC 4%","dmg done 
vs LOC 5%","[ 1 ] Lo's focused Gaze
[ 2 ] Ca'arsens Invigoration
[ 2 ] Exigent Echo",,"[ 1 ] Power & Command
[ 1 ] Cutthroat's Grin",,,,,,,
,"Seled's 
Weakening","1. Pain of Subjugation
2. Zod Stone",,"PA dmg
3%","Skill Dmg
2%","[ 1 ] Chained Death
[ 1 ] Eye of the Unyielding
[ 2 ] Zod Stone
[ 2 ] Respite Stone",,,,,,,,,
,Zod Stone,"1. Mocking Laughter
2. Seled's Weakening",,"PA dmg
3%","Skill Dmg
2%","[ 1 ] Blessed Pebble
[ 1 ] Ca'arsens Invigoration
[ 2 ] Seled's Weakening
[ 2 ] Lucent Watcher",,,,,,,,,
,Respite Stone,"1. Everlasting Torment
2. Seled's Weakening",,"dmg taken
moving 3%","dmg taken
LOC 4%","[ 1 ] Nightmare Wreath
[ 1 ] Misery Elixir
[ 2 ] Blessed Pebble",,"[ 1 ] Lightning Core
[ 1 ] Unity Crystal",,,,,,,
,"Nightmare
Wreath","1. Respite Stone
2. Ca'arsens Invigoration",,"dmg taken
LOC 4%","dmg done 
vs LOC 5%","[ 1 ] Defiant Soul
[ 1 ] Exigent Echo
[ 2 ] Trickshot Gem
[ 2 ] Heartstone",,,,,,,,,
,"Pain of
Subjugation","1. Ca'arsens Invigoration
2. Defiant Soul",,"PA dmg
3%","Skill Dmg
2%","[ 1 ] Seled's Weakening
[ 2 ] Everlasting Torment
[ 2 ] The Black Rose",,,,,,,,,
,Defiant Soul,"1.  Nightmare Wreath
2. Chained Death",,"dmg taken
moving 3%","dmg taken
LOC 4%","[ 1 ] Heartstone
[ 2 ] Pain of Subjugation",,"[ 1 ] The Hunger
[ 1 ] Tear of the Comet",,,,,,,
,"Freedom and
Devotion","1. Trickshot Gem
2. Chained Death",,"dmg taken
moving 3%","dmg taken
LOC 4%","[ 1 ] Trickshot Gem
[ 2 ] Havoc Bearer
[ 2 ] Mountain Toe",,[ 1 ] Follower's Burden,,,,,,,
,"Mocking
Laughter","1. Ca'arsens Invigoration
2. Berserkers Eye",,"dmg taken
LOC 4%","dmg done 
vs LOC 5%","[ 1 ] Zod Stone
[ 2 ] Berserker's Eye",,"[ 1 ] Battleguard
[ 1 ] Viper's Bite
[ 1 ] Fading Nostrum",,,,,,,
,Heartstone,"1. Defiant Soul
2. Nightmare Wreath",,"dmg taken
moving 3%","dmg taken
LOC 4%",[ 1 ] Lucent Watcher,,"[ 1 ] Kir Sling
[ 1 ] Volatility Shard
[ 1 ] Ironbane",,,,,,,
,"Lo's focused
Gaze","1. The Black Rose
2. Blessed Pebble",,"PA dmg
3%","Skill Dmg
2%",,,"[ 1 ] Grim Rhythm
[ 1 ] Cold Confidant
[ 1 ] Mossthorn",,,,,,,
,Exigent Echo,"1. Nightmare Wreath
2. The Black Rose",,"dmg taken
moving 3%","dmg taken
LOC 4%",[ 1 ] Entropic Well,,[ 1 ] Mourneskull,,,,,,,
,"Eye of the
Unyielding","1. Seleds Weakening
2. Berserkers Eye",,"PA dmg
3%","Skill Dmg
2%",[ 1 ] Havoc Bearer,,[ 1 ] Specter Glass,,,,,,,
,"Unrefined
Passage",tbd,,"dmg taken
moving 3%","dmg taken
LOC 4%",,,,,,,,,,
,Misery Elixir,"1. Respite Stone
2. Caarsen's Invigoration",,"dmg taken
moving 3%","dmg taken
LOC 4%",[ 2 ] Faltergrasp,,"[ 1 ] Crimson Behelit
[ 1 ] Rampant Torch",,,,,,,
,Lucent Watcher,"1. Heartstone
2. Zod Stone",,"dmg taken
moving 3%","dmg taken
LOC 4%",[ 1 ] Faltergrasp,,[ 1 ] Mercy's Harvest,,,,,,,
,Entropic Well,"1. Exigent Echo
2. Blessed Pebble",,"PA dmg
3%","Skill Dmg
2%",[ 2 ] Surging Sea,,[ 1 ] Stubborn Oracle,,,,,,,
,Havoc Bearer,"1. Eye of the Uyielding
2. Freedom & Devotion",,"PA dmg
3%","Skill Dmg
2%",[ 1 ] Surging Sea,,,,,,,,,
,Faltergrasp,"1. Lucent Watcher
2. Misery Elixir",,"dmg taken
moving 3%","dmg taken
LOC 4%",,,,,,,,,,
,Surging Sea,"1. Havoc Bearer
2. Entropic Well",,"PA dmg
3%","Skill Dmg
2%",,,,,,,,,,
,"Mountain
Toe","1. Berserker's Eye
2. Freedom and Devotion",,"dmg taken
moving 3%","dmg taken
LOC 4%",,,,,,,,,,
,Flaystone,"1. Pain of Subjugation
2. Trickshot Gem",,"PA dmg
3%","Skill Dmg
2%",,,,,,,,,,
,,,,,,,,,,,,,,,
,,,,,,,,,,,,,,,
,2* Gem,Resonance Gems,,"Reso Gem
Effect","Reso Gem
Effect","Reso Gem
Effect","Gem is used as
Resonance Gem in 2*",,"Gem is used as
Resonance Gem in 5*",,,,,,
,"Power &
Command","1. The Black Rose
2. Lightning Core
3. Bloody Reach",,"PA dmg
3%","Skill Dmg
2%","Group Dmg
1%","[ 3 ] Bloody Reach
[ 3 ] Lightning Core
[ 3 ] Follower's Burden
[ 3 ] Mother's Lament
[ 3 ] Rampant Torch",,"[ 1 ] Phoenix Ashes
[ 2 ] Bottled Hope
[ 2 ] Gloom Cask
[ 3 ] Seeping Bile
[ 3 ] Howler's Call",,,,,,
,"Fervent
Fang
(Battle Pass)","1. Chained Death
2. Bloody Reach
3. Battleguard",,"PA dmg
3%","Skill Dmg
2%","Group Dmg
1%",,,,,,,,,
,"Bloody
Reach","1. Everlasting Torment
2. Lightning Core
3. Power & Command",,"PA dmg
3%","Skill Dmg
2%","Group Dmg
1%","[ 2 ] Fervent Fang
[ 2 ] Battleguard
[ 3 ] Power & Command",,"[ 1 ] Howler's Call
[ 2 ] Consecrated Will
[ 2 ] Spiteful Blood
[ 3 ] Phoenix Ashes
[ 3 ] Roiling Consequence",,,,,,
,"Lightning
Core","1. Respite Stone
2. The Hunger
3. Power&Command",,"PA dmg
3%","Skill Dmg
2%","Group Dmg
1%","[ 2 ] Power & Command
[ 2 ] Bloody Reach
[ 3 ] Cutthroat's Grin",,"[ 1 ] Bottled Hope
[ 2 ] Seeping Bile
[ 2 ] Starfire Shard
[ 3 ] Blood Soaked Jade
[ 3 ] Zwensons Haunting
[ 3 ] Hilt of many Realms",,,,,,
,"Cutthroat's
Grin","1. The Black Rose
2. Unity Crystal
3. Lightning Core",,"PA dmg
3%","Skill Dmg
2%","Group Dmg
1%","[ 2 ] The Abiding Curse
[ 3 ] The Hunger
[ 3 ] Unity Crystal",,"[ 1 ] Seeping Bile
[ 2 ] Blood Soaked Jade
[ 2 ] Roiling Consequence
[ 3 ] Echoing Shade
[ 3 ] Chip of the stone flesh",,,,,,
,The Hunger,"1. Defiant Soul
2. Followers Burden
3. Cutthroats Grin",,"dmg taken
moving 3%","dmg taken
LOC 4%","Block
Chance 2%","[ 2 ] Lightning Core
[ 3 ] Pain Clasp",,"[ 1 ] Blessing of the Worthy
[ 1 ] Zwensons Haunting
[ 2 ] Phoenix Ashes
[ 2 ] Maw of the Deep
[ 3 ] Bottled Hope",,,,,,
,Battleguard,"1. Mocking Laughter
2. Bloody Reach
3. Followers Burden",,"dmg taken
moving 3%","dmg taken
LOC 4%","Block
Chance 2%","[ 2 ] Follower's Burden
[ 3 ] Fervent Fang",,"[ 1 ] Echoing Shade
[ 1 ] Spiteful Blood
[ 1 ] Maw of the Deep
[ 2 ] Howler's Call
[ 2 ] Frozen Heart
[ 3 ] Blessing of the Worthy",,,,,,
,"The Abiding
Curse","1. Blessed Pebble
2. Cutthroat's Grin
3. Unity Crystal",,"dmg taken
LOC 4%","dmg done 
vs LOC 5%","Block
Chance 2%","[ 2 ] Pain Clasp
[ 3 ] Kir Sling
[ 3 ] Volatility Shard
[ 3 ] Fading Nostrum",,"[ 2 ] Hellfire Fragment
[ 2 ] Void Spark
[ 3 ] Frozen Heart
[ 3 ] Gloom Cask",,,,,,
,Unity Crystal,"1. Respite Stone
2. Follower's Burden
3. Cutthroat' Grin",,"dmg taken
moving 3%","dmg taken
LOC 4%","Block
Chance 2%","[ 2 ] Cutthroat's Grin
[ 3 ] The Abiding Curse
[ 3 ] Igneous Scorn",,"[ 1 ] Blood Soaked Jade
[ 2 ] Echoing Shade
[ 2 ] Zwensons Haunting
[ 2 ] Chip of the stone flesh",,,,,,
,"Follower's
Burden","1. Freedom & Devotion
2. Battleguard
3. Power&Command",,"PA dmg
3%","Skill Dmg
2%","Group Dmg
1%","[ 2 ] The Hunger
[ 2 ] Unity Crystal
[ 2 ] Mother's Lament
[ 3 ] Battleguard",,"[ 1 ] Chip of the stone flesh
[ 1 ] Frozen Heart
[ 1 ] Gloom Cask
[ 2 ] Blessing of the Worthy",,,,,,
,Kir Sling,"1. Heartstone
2. Volatility Shard
3. The Abiding Curse",,"dmg taken
moving 3%","dmg taken
LOC 4%","Block
Chance 2%","[ 2 ] Volatility Shard
[ 2 ] Fading Nostrum
[ 3 ] Ironbane
[ 3 ] Tear of the Comet",,"[ 1 ] Consecrated Will
[ 1 ] Hellfire Fragment
[ 1 ] Starfire Shard
[ 3 ] Spiteful Blood",,,,,,
,"Volatility
Shard","1. Heartstone
2. Kir Sling
3. The Abiding Curse",,"Dmg vs
Shield 4%","Dmg vs 
full life 5%","Dmg vs 
<30% life 4%","[ 2 ] Kir Sling
[ 2 ] Ironbane
[ 2 ] Viper's Bite
[ 3 ] Grim Rhythm",,"[ 3 ] Consecrated Will
[ 3 ] Hellfire Fragment
[ 3 ] Starfire Shard
[ 3 ] Void Spark",,,,,,
,Pain Clasp,"1. Blessed Pebble
2. The Abiding Curse
3. The Hunger",,"dmg taken
moving 3%","dmg taken
LOC 4%","Block
Chance 2%","[ 2 ] Igneous Scorn
[ 2 ] Grim Rhythm
[ 3 ] Viper's Bite",,"[ 1 ] Void Spark
[ 1 ] Roiling Consequence
[ 1 ] Hilt of many Realms
[ 2 ] Wolfheart
[ 3 ] Maw of the Deep",,,,,,
,"Mother's
Lament","1. Chained Death
2. Follower's Burden
3. Power & Command",,"PA dmg
3%","Skill Dmg
2%","Group Dmg
1%","[ 2 ] Stubborn Oracle
[ 3 ] Mossthorn",,"[ 1 ] Golden Firmament
[ 2 ] Stormvault
[ 2 ] Colossus Engine",,,,,,
,Ironbane,"1. Heartstone
2. Volatitlity Shard
3. Kir Sling",,"PA dmg
3%","Skill Dmg
2%","Group Dmg
1%","[ 2 ] Tear of the Comet
[ 2 ] Mossthorn
[ 3 ] Stubborn Oracle",,"[ 1 ] Wolfheart
[ 2 ] Hilt of many Realms
[ 3 ] Stormvault
[ 3 ] Colossus Engine
[ 1 ] Fated Trail",,,,,,
,Viper's Bite,"1. Mocking Laughter
2. Volatitlity Shard
3. Pain Clasp",,"PA dmg
3%","Skill Dmg
2%","Group Dmg
1%","[ 2 ] Cold Confidant
[ 2 ] Specter Glass
[ 3 ] ",,"[ 1 ] Stormvault
[ 2 ] Golden Firmament
[ 2 ] Haunt Coil",,,,,,
,"Igneous
Scorn","1. Everlasting Torment
2. Pain Clasp
3. Unity Crystal",,"PA dmg
3%","Skill Dmg
2%","Group Dmg
1%","[ 3 ] Cold Confidant
[ 3 ] Mourneskull
[ 3 ] Crimson Behelit",,"[ 3 ] Wolfheart
[ 3 ] Haunt Coil",,,,,,
,"Grim
Rhythm
(Battle Pass)","1. Lo's Focused Gaze
2. Pain Clasp
3. Volatility Shard",,"PA dmg
3%","Skill Dmg
2%","Group Dmg
1%",,,,,,,,,
,"Tear of the
Comet","1. Defiant Soul
2. Ironbane
3. Kir Sling",,"PA dmg
3%","Skill Dmg
2%","Group Dmg
1%","[ 2 ] Mourneskull
[ 2 ] Mercy's Harvest",,[ 3 ] Golden Firmament,,,,,,
,Mossthorn,"1. Lo's focused Gaze
2. Ironbane
3. Mother's Lament",,"dmg taken
moving 3%","dmg taken
LOC 4%","Block
Chance 2%","[ 3 ] Mercy's Harvest
[ 3 ] Specter Glass",,"[ 1 ] Colossus Engine
[ 2 ] Blood Foe
[ 3 ]",,,,,,
,"Cold
Confidant","1. Lo's Focused Gaze
2. Viper's Bite
3. Igneous Scorn",,"PA dmg
3%","Skill Dmg
2%","Group Dmg
1%","[ 2 ] Crimson Behelit
[ 3 ] Manaflux",,[ 1 ] Blood Foe,,,,,,
,"Mourneskull
(Event)","1. Exigent Echo
2. Tear of the Comet
3. Igneous Scorn",,"PA dmg
3%","Skill Dmg
2%","Group Dmg
1%",,,,,,,,,
,"Mercy's
Harvest","1. Lucent Watcher
2. Tear of the Comet
3. Mossthorn",,"PA dmg
3%","Skill Dmg
2%","Group Dmg
1%",[ 2 ] Manaflux,,"[ 3 ] Blood Foe
[ 2 ] Fated Trail",,,,,,
,"Specter
Glass","1. Eye of the Unyielding
2. Vipers Bite
3. Mossthorn",,"PA dmg
3%","Skill Dmg
2%","Group Dmg
1%",,,"[ 1 ] Haunt Coil
[ 1 ] Fated Trail",,,,,,
,"Crimson
Behelit
(Event)","1. Misery Elixir
2. Cold Confidant
3. Igneous Scorn",,"dmg taken
moving 3%","dmg taken
LOC 4%","Block
Chance 2%",,,,,,,,,
,"Stubborn
Oracle","1. Entropic Well
2. Mother's Lament
3. Ironbane",,"dmg taken
moving 3%","dmg taken
LOC 4%","Block
Chance 2%",[ 2 ] Rampant Torch,,,,,,,,
,"Manaflux
(Event)","1. Everlasting Torment
2. Mercy's Harvest
3. Cold Confidant",,"dmg taken
moving 3%","dmg taken
LOC 4%","Block
Chance 2%",,,,,,,,,
,"Fading
Nostrum","1. Mocking Laughter
2. Kir Sling
3. The Abiding Curse",,"dmg taken
moving 3%","dmg taken
LOC 4%","Block
Chance 2%",,,,,,,,,
,"Rampant
Torch","1. Misery Elixir
2. Stubborn Oracle
3. Power &  Command",,,,,,,,,,,,,
,,,,,,,,,,,,,,,
,,,,,,,,,,,,,,,
,"Last 3 Slots unlock at Ranks 6,7,8",,,,,,,,,,,,,,
,5* Gem,Resonance Gems,,"Reso Gem
Effect","Reso Gem
Effect","Reso Gem
Effect","Reso Gem
Effect","Reso Gem
Effect","Gem is used as
Resonance Gem in 5*",,,,,,
,"Blood 
Soaked
Jade","1. Unity Crystal
2. Cutthroats Grin
3. Lightning Core
4. Zwensons Haunting
5. Echoing Shade",,"PA dmg
3%","Skill Dmg
2%","Group Dmg
1%","Dmg vs 
full life 5%","Dmg vs 
<30% life 4%","[ 4 ] Blessing of the Worthy
[ 4 ] Zwensons Haunting
[ 4 ] Hilt of many Realms
[ 5 ] ",,,,,,
,"Seeping
Bile","1. Cutthroats Grin
2. Lightning Core
3. Power & Command
4. Blessing of the Worthy
5. Bottled Hope",,"PA dmg
3%","Skill Dmg
2%","Group Dmg
1%","Dmg vs 
full life 5%","Dmg vs 
<30% life 4%","[ 4 ] Haunt Coil
[ 5 ] Blessing of the Worthy
[ 5 ] Chip of the stone flesh",,,,,,
,"Echoing
Shade","1. Battleguard
2.Unity Crystal
3. Cutthroats Grin
4. Chip of the Stone Flesh
5. Bottled Hope",,"dmg taken
moving 3%","dmg taken
LOC 4%","Block
Chance 2%","dmg taken
summons 4%","dmg done
summons 4%","[ 5 ] Blood Soaked Jade
[ 5 ] Spiteful Blood
[ 5 ] Zwensons Haunting",,,,,,
,Bottled Hope,"1. Lightning Core
2. Power & Command
3. The Hunger
4. Howler's Call
5. Blessing of the Worthy",,"dmg taken
moving 3%","dmg taken
LOC 4%","Block
Chance 2%","dmg taken
nearby 2%","dmg taken
1%","[ 4 ] Roiling Consequence
[ 5 ] Seeping Bile
[ 5 ] Echoing Shade
[ 5 ] Void Spark",,,,,,
,Phoenix Ashes,"1. Power & Command
2. The Hunger
3. Bloody Reach
4. Chip of the Stone Flesh
5. Howler's Call",,"dmg taken
moving 3%","dmg taken
LOC 4%","Block
Chance 2%","dmg taken
nearby 2%","dmg taken
1%","[ 4 ] Chip of the stone flesh
[ 4 ] Gloom Cask
[ 5 ] Howler's Call",,,,,,
,"Blessing of the 
Worthy","1. The Hunger
2. Followers Burden
3. Battleguard
4. Blood Soaked Jade
5. Seeping Bile",,"dmg taken
moving 3%","dmg taken
LOC 4%","Block
Chance 2%","dmg taken
nearby 2%","dmg taken
1%","[ 4 ] Seeping Bile
[ 5 ] Bottled Hope
[ 5 ] Frozen Heart
[ 5 ] Fated Trail",,,,,,
,Howler's Call,"1. Bloody Reach
2. Battleguard
3. Power & Command
4. Zwenson's Haunting
5. Phoenix Ashes",,"PA dmg
3%","Skill Dmg
2%","Group Dmg
1%","Dmg vs 
full life 5%","Dmg vs 
<30% life 4%","[ 4 ] Bottled Hope
[ 4 ] Void Spark
[ 5 ] Phoenix Ashes",,,,,,
,"Zwensons
Haunting","1. The Hunger
2. Unity Crystal
3. Lightning Core
4. Blood Soaked Jade
5. Echoing Shade",,"PA dmg
3%","Skill Dmg
2%","Group Dmg
1%","Dmg vs 
full life 5%","Dmg vs 
<30% life 4%","[ 4 ] Blood Soaked Jade
[ 4 ] Howler's Call
[ 4 ] Frozen Heart",,,,,,
,"Chip of the 
stone flesh","1. Followers Burden
2. Unity Crystal
3. Cutthroat's Grin
4. Phoenix Ashes
5. Seeping Bile",,"dmg taken
moving 3%","dmg taken
LOC 4%","Block
Chance 2%","Attack Speed
2%","dmg taken
1%","[ 4 ] Echoing Shade
[ 4 ] Phoenix Ashes
[ 5 ] Gloom Cask",,,,,,
,Frozen Heart,"1. Follower's Burden
2. Battleguard
3. The Abiding Curse
4. Zwenson's Haunting
5. Blessing of the Worthy",,"dmg taken
moving 3%","dmg taken
LOC 4%","Block
Chance 2%","dmg taken
nearby 2%","dmg taken
1%","[ 4 ] Consecrated Will
[ 4 ] Spiteful Blood
[ 5 ] Hellfire Fragment",,,,,,
,"Consecrated
Will","1. Kir Sling
2. Bloody Reach
3. Volatility Shard
4. Frozen Heart
5. Hellfire Fragment",,"PA dmg
3%","Skill Dmg
2%","Group Dmg
1%","Dmg vs 
full life 5%","Dmg vs 
<30% life 4%","[ 4 ] Hellfire Fragment
[ 5 ] Starfire Shard
[ 5 ] Maw of the Deep",,,,,,
,"Hellfire
Fragment","1. Kir Sling
2. The Abiding Curse
3. Volatility Shard
4. Concentrated Will
5. Frozen Heart",,"PA dmg
3%","Skill Dmg
2%","Group Dmg
1%","Dmg vs 
full life 5%","Dmg vs 
<30% life 4%","[ 4 ] Starfire Shard
[ 4 ] Maw of the Deep
[ 5 ] Consecrated Will",,,,,,
,Gloom Cask,"1. Follower's Burden
2. Power & Command
3. The Abiding Curse
4. Phoenix Ashes
5. Chip of the Stone Flesh",,"PA dmg
3%","Skill Dmg
2%","Group Dmg
1%","Dmg vs 
full life 5%","Dmg vs 
<30% life 4%","[ 4 ] Blood Foe
[ 5 ] Roiling Consequence
[ 5 ] Hilt of many Realms",,,,,,
,Starfire Shard,"1. Kir Sling
2. Lightning Core
3. Volatility Shard
4. Hellfire Fragment
5. Concentrated Will",,"PA dmg
3%","Skill Dmg
2%","Group Dmg
1%","Dmg vs 
full life 5%","Dmg vs 
<30% life 4%","[ 4 ] Golden Firmament
[ 5 ] Stormvault
[ 5 ] Blood Foe",,,,,,
,Spiteful Blood,"1. Battleguard
2. Bloody Reach
3. Kir Sling
4. Frozen Heart
5. Echoing Shade",,"dmg taken
moving 3%","dmg taken
LOC 4%","Block
Chance 2%","dmg taken
nearby 2%","dmg taken
1%","[ 4 ] Stormvault
[ 5 ] Golden Firmament
[ 5 ] Haunt Coil",,,,,,
,Void Spark,"1. Pain Clasp
2. The Abiding Curse
3. Volatility Shard
4. Howler's Call
5. Bottled Hope",,"PA dmg
3%","Skill Dmg
2%","Group Dmg
1%","Dmg vs 
full life 5%","Dmg vs 
<30% life 4%","[ 4 ] Colossus Engine
[ 5 ] Wolfheart",,,,,,
,"Maw of the 
Deep","1. Battleguard
2. The Hunger
3. Pain Clasp
4. Hellfire Fragment
5. Concentrated Will",,"PA dmg
3%","Skill Dmg
2%","Group Dmg
1%","Dmg vs 
full life 5%","Dmg vs 
<30% life 4%","[ 4 ] Wolfheart
[ 5 ] Colossus Engine
[ 4 ] Fated Trail",,,,,,
,"Roiling
Consequence","1. Pain Clasp
2. Cutthroats Grin
3. Bloody Reach
4. Bottled Hope
5. Gloom Cask",,"PA dmg
3%","Skill Dmg
2%","Group Dmg
1%","Dmg vs 
full life 5%","Dmg vs 
<30% life 4%",,,,,,,
,"Hilt of many 
Realms","1. Pain Clasp
2. Ironbane
3. Lightning Core
4. Blood Soaked Jade
5. Gloom Cask",,"PA dmg
3%","Skill Dmg
2%","Group Dmg
1%","Dmg vs 
full life 5%","Dmg vs 
<30% life 4%",,,,,,,
,Stormvault,"1. Viper's Bite
2. Mother's Lament
3. Ironbane
4. Spiteful Blood
5. Starfire Shard",,"PA dmg
3%","Skill Dmg
2%","Group Dmg
1%","Dmg vs 
full life 5%","Dmg vs 
<30% life 4%",,,,,,,
,Wolfheart,"1. Ironbane
2. Pain Clasp
3. Igenous Scorn
4. Maw of the Deep
5. Void Spark",,"PA dmg
3%","Skill Dmg
2%","Group Dmg
1%","Dmg vs 
full life 5%","Dmg vs 
<30% life 4%",,,,,,,
,"Golden
Firmament","1. Mothers Lament
2. Vipers Bite
3. Tear of the Comet
4. Starfire Shard
5. Spiteful Blood",,"PA dmg
3%","Skill Dmg
2%","Group Dmg
1%","Dmg vs 
full life 5%","Dmg vs 
<30% life 4%",,,,,,,
,"Colossus
Engine","1. Mossthorn
2. Mothers Lament
3. Ironbane
4. Void Spark
5. Maw of the Deep",,"PA dmg
3%","Skill Dmg
2%","Group Dmg
1%","Dmg vs 
full life 5%","Dmg vs 
<30% life 4%",,,,,,,
,Blood Foe,"1. Cold Confidant
2. Mossthorn
3. Mercy's Harvest
4. Gloomcask
5. Starfire Shard, ",,"PA dmg
3%","Skill Dmg
2%","Group Dmg
1%","Dmg vs 
full life 5%","Dmg vs 
<30% life 4%",,,,,,,
,Haunt Coil,"1. Specter Glass
2. Viper's Bite
3. Igneous Scorn
4. Seeping Bile
5. Spiteful Blood",,"dmg taken
moving 3%","dmg taken
LOC 4%","Block
Chance 2%","dmg taken
nearby 2%","dmg taken
1%",,,,,,,
,Fated Trail,"1. Ironbane
2. Mercy's Harvest
3. Specter Glass
4. Maw of the Deep
5. Blessing of the Worthy",,,,,,,,,,,,,
,,,,,,,,,,,,,,,
,,,,,,,,,,,,,,,
,,,,,,,,,,,,,,,
,Detailed Gem Effects 1*,,,,,,,,,,,,,,
,,,,,,,,,,,,,,,
,Gem,Effect,,,,Rank 1,Rank 2,Rank 3,Rank 4,Rank 5,Rank 6,Rank 7,Rank 8,Rank 9,Rank 10
,"Blessed
Pebble","1. Increases the duration of your benefitial effects by X%
2. Increases your movement speed by Y% for 3s after the use of a benefitial effect",,,,"X = 4%
Y = 0%","X = 5%
Y = 0%","X = 5%
Y = 2%","X = 6%
Y = 2%","X = 6%
Y = 4%","X = 8%
Y = 4%","X = 8%
Y = 6%","X = 10%
Y = 6%","X = 10%
Y = 8%","X = 12%
Y = 8%"
,"Berserkers 
Eye","1. Increases all damage you deal by X% but also Increases all damage you take by 5%
3. Increases your Critical Hit Chance by Y%",,,,"X = 5,5%
Y = 0%","X = 6,5%
Y = 0%","X = 6,5%
Y = 0,5%","X = 8%
Y = 0,5%","X = 8%
Y = 1%","X = 10%
Y = 1%","X = 10%
Y = 1,5%","X = 13%
Y = 1,5%","X = 13%
Y = 2%","X = 16%
Y = 2%"
,"Ca'arsens
Invigoration","1. Increases your primary attack speed by X%
2. Increases your primary attack damage by Y%
",,,,"X = 5,5%
Y = 0%","X = 6,5%
Y = 0%","X = 6,5%
Y = 0,5%","X = 8%
Y = 0,5%","X = 8%
Y = 1%","X = 10%
Y = 1%","X = 10%
Y = 1,5%","X = 13%
Y = 1,5%","X = 13%
Y = 2%","X = 16%
Y = 2%"
,"Everlasting
Torment","1. Your Critical Hits inflict agony dealing X% base damage +122 every second for 6 seconds. Only once every 20 seconds on the same enemy.
2. Each nearby enemy affected by agony increases your attack speed by Y%",,,,"X = 10%
Y = 0%","X = 12%
Y = 0%","X = 12%
Y = 1,5%","X = 15%
Y = 1,5%","X = 15%
Y = 3%","X = 18%
Y = 3%","X = 18%
Y = 4,5%","X = 21%
Y = 4,5%","X = 21%
Y = 6%","X = 24%
Y = 6%"
,"Chained
Death","1. Increases all damage done by your attacks by X% per target hit
2. Maximum Y targets (= Y * X% max. damage)",,,,"X = 1,5%
Y = 3","X = 1,7%
Y = 3","X = 1,7%
Y = 4","X = 1,8%
Y = 4","X = 1,8%
Y = 5","X = 2%
Y = 5","X = 2%
Y = 6","X = 2,2%
Y = 6","X = 2,2%
Y = 7","X = 2,5%
Y = 7"
,"Trickshot
Gem","1. Your channeled skills consume enery X% slower
2. you take Y% decreased damage while using a channeled skill",,,,"X = 8%
Y = 0%","X = 10,5%
Y = 0%","X = 10,5%
Y = 0,5%","X = 13,5%
Y = 0,5%","X = 13,5%
Y = 1%","X = 17%
Y = 1%","X = 17%
Y = 1,5%","X = 20,5%
Y = 1,5%","X = 20,5%
Y = 2%","X = 24%
Y = 2%"
,"The Black 
Rose","1. Each time you are attacked you have a X% chance to summon vines that immobilize the attacker
2. You immobilize the attacker for Y seconds
cannot occur more often than once every 20 seconds on the same enemy",,,,"X = 10%
Y = 1,1","X = 10%
Y = 1,4","X = 13,5%
Y = 1,4","X = 13,5%
Y = 1,7","X = 17%
Y = 1,7","X = 17%
Y = 2,2","X = 20,5%
Y = 2,2","X = 20,5%
Y = 2,7","X = 24%
Y = 2,7","X = 24%
Y = 3,3"
,"Seled's
Weakening","1. Increases all damage you deal by X% for 60 seconds after you kill an elite monster
2. Increases all damage you deal to elite monsters by Y%
",,,,"X = 6%
Y = 0%","X = 8%
Y = 0%","X = 8%
Y = 1%","X = 10%
Y = 1%","X = 10%
Y = 2%","X = 12,5%
Y = 2%","X = 12,5%
Y = 3%","X = 15%
Y = 3%","X = 15%
Y = 4%","X = 18%
Y = 4%"
,Zod Stone,"1. Increases the duration of your ultimate skills by X%
2. Increases the damage of your ultimate skills by Y%
",,,,"X = 16%
Y = 0%","X = 20%
Y = 0%","X = 20%
Y = 1,5%","X = 24%
Y = 1,5%","X = 24%
Y = 3%","X = 32%
Y = 3%","X = 32%
Y = 4,5%","X = 40%
Y = 4,5%","X = 40%
Y = 6%","X = 48%
Y = 6%"
,Respite Stone,"1. Decreases all damage you take by X% for every 10% of your life is below maximum up to 10 * X% damage decrease
2. Gain Y% Block Chance when your life drops below 50%",,,,"X = 0,55%
Y = 0%","X = 0,65%
Y = 0%","X = 0,65%
Y = 1,5%","X = 0,8%
Y = 1,5%","X = 0,8%
Y = 3%","X = 1%
Y = 3%","X = 1%
Y = 4,5%","X = 1,3%
Y = 4,5%","X = 1,3%
Y = 6%","X = 1,6%
Y = 6%"
,"Nightmare
Wreath","1. You have a 10% chance to cause fear to nearby enemies when you defeat an enemy. They flee for X seconds
2. Fleeing enemies take Y% more damage
cannot occur more than once every 20 seconds",,,,"X = 0,8
Y = 0%","X = 1
Y = 0%","X = 1
Y = 2%","X = 1,2
Y = 2%","X = 1,2
Y = 4%","X = 1,6
Y = 4%","X = 1,6
Y = 6%","X = 2
Y = 6%","X = 2
Y = 8%","X = 2,4
Y = 8%"
,Pain of Subjugation,"1. You deal X% increased damage against enemies that suffer from loss of control
2. You take Y% less damage while suffering from loss of control",,,,"X = 5,5%
Y = 0%","X = 6,5%
Y = 0%","X = 6,5%
Y = 1%","X = 8%
Y = 1%","X = 8%
Y = 2%","X = 10%
Y = 2%","X = 10%
Y = 3%","X = 13%
Y = 3%","X = 13%
Y = 4%","X = 16%
Y = 4%"
,Defiant Soul,"1. Each time you block an attack you deal X% base damage +777 to all nearby enemies
2. afterwards you take Y% decreased damage for 3 seconds
cannot occur more than once every 20 seconds",,,,"X = 64%
Y = 0%","X = 80%
Y = 0%","X = 80%
Y = 1,5%","X = 96%
Y = 1,5%","X = 96%
Y = 3%","X = 128%
Y = 3%","X = 128%
Y = 4,5%","X = 160%
Y = 4,5%","X = 160%
Y = 6%","X = 192%
Y = 6%"
,"Freedom and 
Devotion","1. Increase the duration of your summons by X%
2. Increase the damage done by your summons by Y%
",,,,"X = 8%
Y = 0%","X = 10%
Y = 0%","X = 10%
Y = 0,75%","X = 12%
Y = 0,75%","X = 12%
Y = 1,5%","X = 16%
Y = 1,5%","X = 16%
Y = 2,25%","X = 20%
Y = 2,25%","X = 20%
Y = 3%","X = 24%
Y = 3%"
,"Mocking
Laughter","1. Your primary attack forces non-elite monsters it hits to attack you for X seconds
2. your primary attack makes enemies it hits deal Y% decreased damage",,,,"X = 2
Y = 0%","X = 2,5
Y = 0%","X = 2,5
Y = 2%","X = 3
Y = 2%","X = 3
Y = 4%","X = 4
Y = 4%","X = 4
Y = 6%","X = 5
Y = 6%","X = 5
Y = 8%","X = 6
Y = 8%"
,Heartstone,"1. Increase the duration of your absorb shields by X%
2. while shields are active decrease the duration of loss of control effects on you by Y%",,,,"X = 16%
Y = 0%","X = 20%
Y = 0%","X = 20%
Y = 6%","X = 24%
Y = 6%","X = 24%
Y = 12%","X = 28%
Y = 12%","X = 28%
Y = 18%","X = 32%
Y = 18%","X = 32%
Y = 24%","X = 36%
Y = 24%"
,"Lo's focused
Gaze","1. Increases damage done by your Charge skills by X%.
2. Charging speed is increased by Y%.
",,,,"X = 8%
Y = 0%","X = 10%
Y = 0%","X = 10%
Y = 8%","X = 12%
Y = 8%","X = 12%
Y = 16%","X = 14%
Y = 16%","X = 14%
Y = 24%","X = 16%
Y = 24%","X = 16%
Y = 32%","X = 20%
Y = 32%"
,Exigent Echo,"1. Your Block Chance is increased by X% for 6 seconds when you receive a critical hit. 
2. During the effect, damage received while blocking is reduced by Y%.
Cannot occur more often then once every 20 seconds.",,,,"X = 8%
Y = 0%","X = 12%
Y = 0%","X = 12%
Y = 2%","X = 16%
Y = 2%","X = 16%
Y = 4%","X = 20%
Y = 4%","X = 20%
Y = 8%","X = 24%
Y = 8%","X = 24%
Y = 12%","X = 30%
Y = 12%"
,"Eye of the
Unyielding","1. Continual damage done is increased by X% 
2. and continual damage taken is reduced by Y%",,,,"X = 5,5%
Y = 0%","X = 7%
Y = 0%","X = 7%
Y = 1%","X = 8,5%
Y = 1%","X = 8,5%
Y = 2%","X = 11%
Y = 2%","X = 11%
Y = 3%","X = 14%
Y = 3%","X = 14%
Y = 4%","X = 16%
Y = 4%"
,"Unrefined
Passage","1. Damage you take while moving is reduced by X%. 
2. You have a Y% chance to be immune to an attempt to Slow you",,,,"X = 5%
Y = 0%","X = 6%
Y = 0%","X = 6%
Y = 1%","X = 7,5%
Y = 1%","X = 7,5%
Y = 2%","X = 10%
Y = 2%","X = 10%
Y = 3%","X = 12,5%
Y = 3%","X = 12,5%
Y = 4%","X = 15%
Y = 4%"
,Misery Elixir,"1. The duration of the harmful effects you inflict is increased by X%. 
2. Damage you deal to enemies suffering from harmful effects is increased by Y%.",,,,"X = 8%
Y = 0%","X = 10%
Y = 0%","X = 10%
Y = 0,5%","X = 12%
Y = 0,5%","X = 12%
Y = 1%","X = 16%
Y = 1%","X = 16%
Y = 1,5%","X = 20%
Y = 1,5%","X = 20%
Y = 2%","X = 24%
Y = 2%"
,"Lucent
Watcher","1. Reduces the duration of loss of control effects on you by X%. 
2. While suffering loss of control, the damage you take is reduced by Y%",,,,"X = 8%
Y = 0%","X = 10%
Y = 0%","X = 10%
Y = 1%","X = 12%
Y = 1%","X = 12%
Y = 2%","X = 16%
Y = 2%","X = 16%
Y = 3%","X = 20%
Y = 3%","X = 20%
Y = 4%","X = 24%
Y = 4%"
,Entropic Well,"1. Increases Skill damage by X%. 
2. Increases Skill Attack Speed by Y%.",,,,"X = 6%
Y = 0%","X = 8%
Y = 0%","X = 8%
Y = 1%","X = 10%
Y = 1%","X = 10%
Y = 2%","X = 12%
Y = 2%","X = 12%
Y = 3%","X = 15%
Y = 3%","X = 15%
Y = 4%","X = 18%
Y = 4%"
,Havoc Bearer,"1. Using a Dash skill increases your damage by X% 
2. and your Attack Speed by Y% for 2 seconds. 
Cannot occur more often than once every 6 seconds.",,,,"X = 6%
Y = 0%","X = 8%
Y = 0%","X = 8%
Y = 1%","X = 10%
Y = 1%","X = 10%
Y = 2%","X = 12%
Y = 3%","X = 12%
Y = 3%","X = 15%
Y = 3%","X = 15%
Y = 4%","X = 18%
Y = 4%"
,Faltergrasp,"1. Critical Hits disable enemies, preventing their use of Dash skills for X seconds 
2. and reducing their Movement Speed by Y%. 
Cannot occur on the same target more often than once every 20 seconds.",,,,"X = 1,6s
Y = 0%","X = 2s
Y = 0%","X = 2s
Y = 6%","X = 2,4s
Y = 6%","X = 2,4s
Y = 12%","X = 2,8s
Y = 12%","X = 2,8s
Y = 18%","X = 3,2s
Y = 18%","X = 3,2s
Y = 24%","X = 3,6s
Y = 24%"
,Surging Sea,"1. Using a Skill increases your Skill damage by X% for 3 seconds, stacking up to 10 times. 
2. Skill cooldown reduced by 2%.",,,,"X = %
Y = %","X = %
Y = %","X = %
Y = %","X = %
Y = %","X = %
Y = %","X = %
Y = %","X = %
Y = %","X = %
Y = %","X = %
Y = %","X = 2,4%
Y = 2%"
,Mountain Toe,"1. Critical Resistance increased by X%
2. Critical Hit Damage taken reduced by Y%",,,,"X = 4%
Y = 0%","X = 5%
Y = 0%","X = 5%
Y = 1%","X = 6%
Y = 1%","X = 6%
Y = 2%","X = 8%
Y = 2%","X = 8%
Y = 3%","X = 10%
Y = 3%","X = 10%
Y = 4%","X = 12%
Y = 4%"
,Flaystone,"1. You deal X% increased damage 
2. and gain Y% increased Critical Hit Chance against shielded enemies.",,,,"X = 8%
Y = 0%","X = 10%
Y = 0%","X = 10%
Y = 1%","X = 13%
Y = 1%","X = 13%
Y = 2%","X = 17%
Y = 2%","X = 17%
Y = 3%","X = 22%
Y = 3%","X = 22%
Y = 4%","X = 27%
Y = 4%"
,,,,,,,,,,,,,,,
,,,,,,,,,,,,,,,
,Detailed Gem Effects 2*,,,,,,,,,,,,,,
,,,,,,,,,,,,,,,
,Gem,Effect,,,,Rank 1,Rank 2,Rank 3,Rank 4,Rank 5,Rank 6,Rank 7,Rank 8,Rank 9,Rank 10
,"Power &
Command","1. Changes every 9 seconds: 
increase primary attack damage by  +X% or skill damage by +X%
2. You have a Y% chance to dispel a negative effect on you each time P&C alternates",,,,"X = 8%
Y = 0%","X = 10,5%
Y = 0%","X = 10,5%
Y = 7,5%","X = 13,5%
Y = 7,5%","X = 13,5%
Y = 15%","X = 17%
Y = 15%","X = 17%
Y = 22,5%","X = 20,5%
Y = 22,5%","X = 20,5%
Y = 30%","X = 24%
Y = 30%"
,"Fervent 
Fang
","1. Damage increase per Attack by X% up to 10 times. 
2. All damage you deal to Elite monsters increased by Y%",,,,"X = 0,8%
Y = 0%","X = 1,05%
Y = 0%","X = 1,05%
Y = 1,5%","X = 1,35%
Y = 1,5%","X = 1,35%
Y = 3%","X = 1,7%
Y = 3%","X = 1,7%
Y = 4,5%","X = 2,05%
Y = 4,5%","X = 2,05%
Y = 6%","X = 2,4%
Y = 6%"
,"Bloody 
Reach","1. Damage increased by up to X% - 4X% for every 2 yards
2. Your attacks have a Y% chance to decrease enemy att. and mov. speed by 35% for 3 sec.",,,,"X = 2%
Y = 0%","X = 2,7%
Y = 0%","X = 2,7%
Y = 0,3%","X = 3,4%
Y = 0,3%","X = 3,4%
Y = 0,6%","X = 4,2%
Y = 0,6%","X = 4,2%
Y = 0,9%","X = 5%
Y = 0,9%","X = 5%
Y = 1,2%","X = 6%
Y = 1,2%"
,"Lightning 
Core","1. your primary attacks and movement charge you. When fully charged your next primary attack unleashes a chain lightning that causes nearby enemies X% base damage +1134.  can only occur every 20 seconds.
2. Increases all damage you deal by Y% for 3 seconds after calling chain lightning.",,,,"X = 90%
Y = 0%","X = 120%
Y = 0%","X = 120%
Y = 3%","X = 150%
Y = 3%","X = 150%
Y = 6%","X = 190%
Y = 6%","X = 190%
Y = 9%","X = 230%
Y = 9%","X = 230%
Y = 12%","X = 280%
Y = 12%"
,"Cutthroat's 
Grin","1. Critical hit chance increased to X% if you attack from behind
2. Deal Y% increased damage when attacking from behind.",,,,"X = 8%
Y = 0%","X = 10,5%
Y = 0%","X = 10,5%
Y = 1,5%","X = 13,5%
Y = 1,5%","X = 13,5%
Y = 2%","X = 17%
Y = 2%","X = 17%
Y = 3%","X = 20,5%
Y = 3%","X = 20,5%
Y = 4%","X = 24%
Y = 4%"
,The Hunger,"1. every time you kill an enemy you heal X% base damage +567 life. 
2. movement speed increased by +Y% after a kill for 3 seconds.
can only occur every 20 seconds.",,,,"X = 40%
Y = 0%","X = 60%
Y = 0%","X = 60%
Y = 4%","X = 80%
Y = 4%","X = 80%
Y = 8%","X = 100%
Y = 8%","X = 100%
Y = 12%","X = 120%
Y = 12%","X = 120%
Y = 16%","X = 140%
Y = 16%"
,Battleguard,"1. decreases all melee damage (within 3yd) you take by X%
2. you move unhindered through enemies if your life is below Y%",,,,"X = 8%
Y = 0%","X = 10,5%
Y = 0%","X = 10,5%
Y = 15%","X = 13,5%
Y = 15%","X = 13,5%
Y = 30%","X = 17%
Y = 30%","X = 17%
Y = 45%","X = 20,5%
Y = 45%","X = 20,5%
Y = 60%","X = 24%
Y = 60%"
,"The Abiding
Curse","1. your attacks have a 15% Chance to curse enemies (reducing attack- and movement speed by 35% for X seconds).
2. cursed enemies take Y% increased damage
can only occur once every 20 seconds on the same target
",,,,"X = 2,5
Y = 0%","X = 3,5
Y = 0%","X = 3,5
Y = 2,5%","X = 4,5
Y = 2,5%","X = 4,5
Y = 5%","X = 5,5
Y = 5%","X = 5,5
Y = 7,5%","X = 6,5
Y = 7,5%","X = 6,5
Y = 10%","X = 7,5
Y = 10%"
,Unity Crystal,"1. you and your group members take X% reduced damage per additional group member in a 6m radius
2. damage increase Y% per group member
",,,,"X = 0,5%
Y = 0%","X = 0,7%
Y = 0%","X = 0,7%
Y = 0,3%","X = 0,9%
Y = 0,3%","X = 0,9%
Y = 0,6%","X = 1,1%
Y = 0,6%","X = 1,1%
Y = 0,9%","X = 1,3%
Y = 0,9%","X = 1,3%
Y = 1,2%","X = 1,5%
Y = 1,2%"
,"Follower's
Burden","1. increase your damage per summoned creature under your control by X% up to 6X%
2. your summons take Y% decreased damage
",,,,"X = 1%
Y = 0%","X = 1,3%
Y = 0%","X = 1,3%
Y = 1,5%","X = 1,7%
Y = 1,5%","X = 1,7%
Y = 3%","X = 2,1%
Y = 3%","X = 2,1%
Y = 4,5%","X = 2,5%
Y = 4,5%","X = 2,5%
Y = 6%","X = 3%
Y = 6%"
,Kir Sling,"1. You have a 15% chance when attacked to release a burst of light that Blinds all nearby enemies, reducing their vision and causing total Loss of Control for X seconds. Cannot occur more often than once every 20 seconds. 
2. You also deal Y% increased damage to Blinded enemies.
",,,,"X = 1,3
Y = 0%","X = 1,7
Y = 0%","X = 1,7
Y = 3,5%","X = 2,2
Y = 3,5%","X = 2,2
Y = 7%","X = 2,7
Y = 7%","X = 2,7
Y = 10,5%","X = 3,3
Y = 10,5%","X = 3,3
Y = 14%","X = 4
Y = 14%"
,"Volatility
Shard","1. When you defeat an enemy you trigger a volatile explosion dealing X% base damage + 365 to all nearby enemies.
Cannot occur more often than once every 6seconds. 
2. while granting yourself Y% increased damage for 2 seconds. 
",,,,"X = 30%
Y = 0%","X = 40%
Y = 0%","X = 40%
Y = 2%","X = 50%
Y = 2%","X = 50%
Y = 4%","X = 60%
Y = 4%","X = 60%
Y = 6%","X = 70%
Y = 6%","X = 70%
Y = 8%","X = 90%
Y = 8%"
,Pain Clasp,"1. Increases damage dealt by X% to enemies suffering from a continuous damage effect. 
2. When an enemy suffering from continuous damage is within 10 yards, your Movement Speed is increased by Y%.
",,,,"X = 8%
Y = 6%","X = 10,5%
Y = 0%","X = 10,5%
Y = 1,5%","X = 13%
Y = 1,5%","X = 13%
Y = 3%","X = 16%
Y = 3%","X = 16%
Y = 4,5%","X = 20%
Y = 4,5%","X = 20%
Y = 6%","X = 24%
Y = 6%"
,Mother's Lament,"1. When you deal damage you have a 20% chance to get a buff that lasts 6 seconds during which your CHC is increased by X%. Cooldown 20 seconds.
2. When the buff ends you deal Y% of your base damage to nearby enemies and cause bleeds.",,,,"X = 8%
Y = 0%","X = 16%
Y = 0%","X = 16%
Y = 13,5%","X = 20%
Y = 13,5%","X = 20%
Y = 27%","X = 24%
Y = 27%","X = 24%
Y = 40,5%","X = 28%
Y = 40,5%","X = 28%
Y = 54%","X = 32%
Y =54 %"
,Ironbane,"1. Your Channeling skills have a 10% chance to dissolve enemy armor for 6 seconds, increasing the damage they take by X%.  
2. The dissolve effect also reduces the Movement Speed of enemies by Y%.
Cannot occur against the same target more often than once every 20 seconds.
",,,,"X = 5%
Y = 0%","X = 7%
Y = 0%","X = 7%
Y = 4%","X = 9%
Y = 4%","X = 9%
Y = 8%","X = 11%
Y = 8%","X = 11%
Y = 12%","X = 13%
Y = 12%","X = 13%
Y = 16%","X = 15%
Y = 16%"
,Viper's Bite,"1. Damaging enemies poisons them with Viper's Venom, causing them to take X% base damage + 120 damage every second for 6 seconds. 
2. Enemies inflicted with Viper's Venom also have their Attack Speed reduced by Y%. 
Cannot occur on the same target more often than once every 20 seconds.
",,,,"X = 16%
Y= 0%","X = 20%
Y = 0%","X = 20%
Y = 1,5%","X = 24%
Y = 1,5%","X = 24%
Y = 3%","X = 30%
Y = 3%","X = 30%
Y = 4,5%","X = 36%
Y = 4,5%","X = 36%
Y = 6%","X = 45%
Y = 6%"
,Igneous Scorn,"1. Your critical hits cause explosions that deal X% base damage +486 to nearby enemies. These explosions cannot occur more often than once every 6 seconds.
2. After triggering an explosion, your damage is increased by Y% for 2 seconds.

",,,,"X = 40%
Y = 0%","X = 50%
Y = 0%","X = 50%
Y = 2,5%","X = 65%
Y = 2,5%","X = 65%
Y = 5%","X = 80%
Y = 5%","X = 80%
Y = 7,5%","X = 100%
Y = 7,5%","X = 100%
Y = 10%","X = 120%
Y = 10%"
,Grim Rhythm,"1. Dealing damage increases your Attack Speed by X% for 3 seconds up to 10 times.
2. While at Full Stack your Movement Speed is increased by Y%",,,,"X = 0,8%
Y = 0%","X = 1,05%
Y = 0%","X = 1,05%
Y = 3%","X = 1,35%
Y = 3%","X = 1,35%
Y = 6%","X = 1,7%
Y = 6%","X = 1,7%
Y = 9%","X = 2,05%
Y = 9%","X = 2,05%
Y = 12%","X = 2,4%
Y = 12%"
,"Tear of the 
Comet","1. Every second you maintain a Channeled skill, you launch 2 arcane missiles that deal X% base damage + 120 to random enemies. 
2. Your Channeled skills deal Y% increased damage.
",,,,"X = 10%
Y = 0%","X = 14%
Y = 0%","X = 14%
Y = 1,5%","X = 18%
Y = 1,5%","X = 18%
Y = 3%","X = 22%
Y = 3%","X = 22%
Y = 4,5%","X = 27%
Y = 4,5%","X = 27%
Y = 6% ","X = 32%
Y = 6%"
,Mossthorn,"1. Taking damage activates Mossthorn for 6 seconds. While active, each attack you receive triggers a retaliatory piercing thorn (no more than once every 0.5 seconds), dealing X% base damage + 201 to enemies. 
2. While Mossthorn is active, damage you take is reduced by Y%.
Cannot activate more often than once every 20 seconds. 
",,,,"X = 17%
Y= 0%","X = 22%
Y = 0%","X = 22%
Y = 2%","X = 28%
Y = 2%","X = 28%
Y = 4%","X = 35%
Y = 4%","X = 35%
Y = 6%","X = 42%
Y = 6%","X = 42%
Y = 8%","X = 50%
Y = 8%"
,Cold Confidant,"1. Dealing damage summons a pillar of ice at the enemy’s location with Life equal to X% of your maximum Life. 
2. Enemies near the pillar are Chilled and dealt Y% base damage + 344 each second. 
The pillar persists for 6 seconds or until destroyed. Cannot occur more than once every 20 seconds.
",,,,"X = 300%
Y = 15%","X = 300%
Y = 25%","X = 350%
Y = 25%","X = 350%
Y = 35%",?,"X = %
Y = 45%","X = %
Y = 65%","X = 450%
Y = 65%","X = 450%
Y = 85%","X = 500%
Y = 85%"
,Mourneskull,"1. Dealing damage empowers you for 6s increasing your damage by X%. When at least 3 enemies are nearby your damage is increased by an additional X%
2. During this time your attacks unleash 2 Vile spirits every second haunting enemies dealing Y% damage.
Cannot occur more often than once every 20 seconds
",,,,"X = 7%
Y = 0%","X = 9%
Y = 0%","X = 9%
Y = 3%","X = 11%
Y = 3%","X = 11%
Y = 6%","X = 13%
Y = 6%","X = 13%
Y = 9%","X = 15%
Y = 9%","X = 15%
Y = 12%","X = 18%
Y = 12%"
,"Mercy's
Harvest","1. Damaging enemies below 30% Life conjures a scythe wielding reaper to cleave through nearby enemies, dealing X% base damage + 587 to enemies within the area. 
2. Additionally, enemies slain by the reaper increase your damage done by Y% for 30 seconds, stacking up to 6 times. 
Cannot occur more often than once every 6 seconds.
",,,,"X = 50%
Y = 0%","X = 65%
Y = 0%","X = 65%
Y = 0,5%","X = %
Y = 0,5%","X = %
Y = 1%","X = %
Y = 1%","X = %
Y = 1,5%","X = %
Y = 1,5%","X = %
Y = 2%","X = 145%
Y = 2%"
,Specter Glass,"1. Critical Hits shatter enemy armor for 2 seconds, increasing the damage they take from you by X%
2. and increasing your Critical Hit Chance against them by Y%. 
Cannot occur on the same target more often than once every 6 seconds.
",,,,"X = 10%
Y = 0%","X = 13%
Y = 0%","X = 16%
Y = 1%","X = 19%
Y = 1%","X = 19%
Y = 2%","X = 22%
Y = 2%","X = 22%
Y = 3%","X = 25%
Y = 3%","X = 25%
Y = 4%","X= 28%
Y = 4%"
,"The Crimson
Behelit","1. While above 50% health, if you deal dmg you gain +X% damage increase for 6s. Cooldown 20s.
2. While below 50% health, if you receive dmg you gain +X% damage reduction for 6s. Cooldown 60s.
3. When a Behelit Power Triggers you AoE Fear enemies for 1,6s.
",,,,"X = 10%
Y = 0","X = 14%
Y = 0","X = 14%
Y = 0,4s","X = 18%
Y = 0,4s","X = 18%
Y = 0,8s","X = 22%
Y = 0,8s","X = 22%
Y = 1,2s","X = 26%
Y = 1,2s","X = 26%
Y = 1,6s","X = 30%
Y = 1,6s"
,"Stubborn
Oracle","1. When you are attacked, a Divine Aegis forms before you for 6 seconds, increasing your Block Chance against enemies in front of you by X% 
2. and reducing the duration of loss of control effects on you by Y%.
This cannot occur more often than once every 20 seconds.",,,,"X = 18%
Y = 0%","X = 24%
Y = 0%","X = 24%
Y = %","X = %
Y = %","X = %
Y = %","X = %
Y = %","X = %
Y = %","X = %
Y = %","X = %
Y = 9%","X = 48%
Y = 9%"
,Manaflux,"Generate 10 Mana over 20 seconds and upon reaching 10 Mana, using a Skill will consume all your Mana
1. If you are above 50% maximum Life you conjure Ragnaros, who hurls a fireball at nearby enemies dealing X% base damage +1217 to enemies within the area. Additionally, Ragnaros' attack Burns enemies for 30% base damage per second for Ys
2. If you are below 50% maximum Life you conjure Acidic Swamp Ooze, who spits acid at nearby enemies dealing X% base damage +1217.  Acidic Swamp Ooze's attack Silences enemies, preventing their use of Skills for Y seconds.
",,,,"X = 140%
Y = 0s","X = 170%
Y = 0s","X = 170%
Y = 1s","X = 200%
Y = 1s","X = 200%
Y = 2s","X = 230%
Y = 2s","X = 230%
Y = 3s","X = 270%
Y = 3s","X = 270%
Y = 4s","X = 310%
Y = 4s"
,"Fading
Nostrum","1. When you take damage you become warded for 6 seconds, reducing the damage you take by X% from continual damage effects
2. increasine your chance to Block projectiles by Y%.
Cannot occur more often than once every 20 seconds.",,,,"X = 14%
Y = 0%","X = 19%
Y = 0%","X = 19%
Y = 3%","X = 24%
Y = 3%","X = 24%
Y = 6%","X = 30%
Y = 6%","X = 30%
Y = 9%","X = 36%
Y = 9%","X = 36%
Y = 12%","X = 42%
Y = 12%"
,"Rampant
Torch","1. When attacked you gain a protective shield for 6 seconds that reduces the damage you take by X% of your base damage
2. and reduces the continual damage you take by Y%.
Cannot occur more often than once every 20 seconds.",,,,"X = 5%
Y = 0%","X = 7%
Y = 0%","X = 7%
Y = 2%","X = 9%
Y = 2%","X = 9%
Y = 4%","X = 11%
Y = 4%","X = 11%
Y = 6%","X = 13%
Y = 6%","X = 13%
Y = 8%","X = 15%
Y = 8%"
,,,,,,,,,,,,,,,
,,,,,,,,,,,,,,,
,Detailed Gem Effects 5*,,,,,,,,,,,,,,
,,,,,,,,,,,,,,,
,Gem,Effect,,,,Rank 1,Rank 2,Rank 3,Rank 4,Rank 5,Rank 6,Rank 7,Rank 8,Rank 9,Rank 10
,"Blood 
Soaked Jade","1. Increases all damage you deal by up to X% while at full Life, with a minimum bonus of 0,5X% while at low Life (below 50%). Increases your Movement Speed by 10%.
2. Take Y% decreased damage while below 50% life up to a maximum of 2,5Y%
",,,,"X = 8%
Y = 0%","X = 10,5%
Y = 0%","X = 10,5%
Y = 2%","X = 13,5%
Y = 2%","X = 13,5%
Y = 4%","X = 17%
Y = 4%","X = 17%
Y = 6%","X = 20,5%
Y = 6%","X = 20,5%
Y = 8%","X = 24%
Y = 8%"
,Seeping Bile,"1. Your attacks have a 4% chance to poison enemies, inflicting X% base damage + 263 every second over 6 seconds.  This poison spreads to nearby enemies if the victim dies.
2. The poison decreases the Movement Speed of the victim by Y%. Cannot affect the same target more often than once every 20 seconds.
",,,,"X = 25%
Y = 0%","X = 30%
Y = 0%","X = 30%
Y = 15%","X = 35%
Y = 15%","X = 35%
Y = 12%","X = 45%
Y = 12%","X = 45%
Y = 18%","X = 55%
Y = 18%","X = 55%
Y = 24%","X = 65%
Y = 24%"
,Echoing Shade,"1. your attacks have a chance of 15% of summoning a shadow clone for X seconds
2. you can have Y shadow clones at the same time and their life is increased by Z%
",,,,"X = 8
Y = 1
Z = 0%","X = 10
Y = 1
Z = 0%","X = 10
Y = 2
Z = 0%","X = 12
Y = 2
Z = 0%","X = 12
Y = 2
Z = 50%","X = 14
Y = 2
Z = 50%","X = 14
Y = 3
Z = 50%","X = 17
Y = 3
Z = 50%","X = 17
Y = 3
Z = 100%","X = 20
Y = 3
Z = 100%"
,Bottled Hope,"1. When you use a skill to grant a buff, increase the damage and Movement speed of the target by X% for 6 seconds. 
2. Skill cooldowns decreased Y%.
Cannot occur more often than once every 20 seconds per target.
",,,,"X = 8%
Y = 0%","X = 10,5%
Y = 0%","X = 10,5%
Y = 1,5%","X = 13,5%
Y = 1,5%","X = 13,5%
Y = 3%","X = 17%
Y = 3%","X = 17%
Y = 4,5%","X = 20,5%
Y = 4,5%","X = 20,5%
Y = 6%","X = 24%
Y = 6%"
,Phoenix Ashes,"1. Prevents fatal damage, and then grants a shield for 6 seconds that absorbs damage equal to X% of your base damage. 
2. When the shield expires, heal for Y% of the remaining value.  
Cannot occur more often than once every 180 seconds.",,,,"X = 450%
Y = 0%","X = 530%
Y = 0%","X = 530%
Y = 20%","X = 660%
Y = 20%","X = 660%
Y = 40%","X = 790%
Y = 40%","X = 790%
Y = 60%","X = 920%
Y = 60%","X = 920%
Y = 80%","X = 1050%
Y = 80%"
,"Blessing of
the Worthy","1. When you take damage, you have a 20% chance to unleash retribution on all nearby enemies, dealing damage equal to X% of your current Life 
2. and decreasing all damage you take by Y% for 6 seconds. 
Cannot occur more often than once every 20 seconds.
",,,,"X = 12%
Y = 0%","X = 14%
Y = 0%","X = 14%
Y = 4%","X = 17%
Y = 4%","X = 17%
Y = 8%","X = 21%
Y = 8%","X = 21%
Y = 12%","X = 25%
Y = 12%","X = 25%
Y = 16%","X = 28%
Y = 16%"
,Howler's Call,"1. Your Primary Attack has a 10% chance to summon a charging spirit wolf that inflicts X% base damage + 1,458 to all enemies in its path 
2. The wolf has a Y% chance to Stun enemies for 3 seconds. 
Cannot occur more often than once every 20 seconds.
",,,,"X = 150%
Y = 0%","X = 180%
Y = 0%","X = 180%
Y = 12%","X = 220%
Y = 12%","X = 220%
Y = 24%","X = 260%
Y = 24%","X = 260%
Y = 36%","X = 310%
Y = 36%","X = 310%
Y = 48%","X = 360%
Y = 48%"
,"Zwensons
Haunting","1. When you defeat an enemy, a dark beast attacks nearby enemies, dealing X% base damage + 486. Cannot occur more often than once every 6 seconds. 
2. You now have a Y% chance for an additional dark beast.
",,,,"X = 50%
Y = 0%","X = 60%
Y = 0%","X = 60%
Y = 7%","X = 75%
Y = 7%","X = 75%
Y = 14%","X = 90%
Y = 14%","X = 90%
Y = 21%","X = 105%
Y = 21%","X = 105%
Y = 28%","X = 120%
Y = 28%"
,"Chip of the 
stone flesh","1. everytime you cause LOC on an enemy you curse them. If the curse expires it explodes dealing 45% of the damage suffered during the curse up to X% base damage.
2. increase damage to affected targets by Y%
",,,,"X = 150%
Y = 0%","X = 210%
Y = 0%","X = 210%
Y = 6%","X = 270%
Y = 6%","X = 270%
Y = 12%","X = 330%
Y = 12%","X = 330%
Y = 18%","X = 390%
Y = 18%","X = 390%
Y = 24%","X = 450%
Y = 24%"
,Frozen Heart,"1. if you take damage activate a shield for 6 seconds which absorbs X% base damage +1458.
2. Y% chance to freeze enemy attackers when your shield is active.
Cannot occur more often than once every 20 seconds
",,,,"X = 150%
Y = 0%","X = 180%
Y = 0%","X = 180%
Y = 15%","X = 220%
Y = 15%","X = 220%
Y = 20%","X = 260%
Y = 20%","X = 260%
Y = 30%","X = 300%
Y = 30%","X = 300%
Y = 60%","X = 360%
Y = 60%"
,"Consecrated
Will","1. Using a Dash skill calls a Guardian angel to your aid, unleashing a blast of holy light in your direction dealing X% base damage + 547 to all enemies in the path. 
2. When the guardian angel returns to the High Heavens, it blesses you, increasing your damage and Movement Speed by Y% for 2 seconds.
Cannot occur more often than once every 6 seconds.
",,,,"X = 55%
Y = 0%","Y = 65%
Y =0%","Y = 65%
Y =4%","Y = 80%
Y =4%","Y = 80%
Y =8%","Y = 100%
Y =8%","Y = 100%
Y =12%","Y = 115%
Y =12%","Y = 115%
Y =16%","Y = 135%
Y =16%"
,"Hellfire
Fragment","1. Using a skill conjures three hellfire blazes around you to seek out enemies within six yards, exploding on them dealing X% base damage + 510 to all nearby enemies.
2. Enemies struck by multiple hellfire blazes take Y% additional damage from subsequent hits.
Cannot occur more often than once every 20 seconds.
",,,,"X = 45%
Y = 0%","X = 54%
Y = 0%","X = 54%
Y = 12,5%","X = 67%
Y = 12,5%","X = 67%
Y = 25%","X = 80%
Y = 25%","X = 80%
Y = 37,5%","X = 94%
Y = 37,5%","X = 94%
Y = 50%","X = 108%
Y = 50%"
,Gloom Cask,"1. Your Primary Attack unleashes an Aspect of Gloom for 6 seconds, during which time your Primary Attack will trigger gloom blades that deal X% base damage + 275. 
2. Enemies hit by the gloom blades take Y% increased damage from your Primary Attacks for 3 seconds. 
Cannot occur more often than once every 20 seconds.
",,,,"X = 30%
Y = 0%","X = 36%
Y = 0%","X = 36%
Y = 6%","X = 42%
Y = 6%","X = 42%
Y = 12%","X = 48%
Y = 12%","X = 48%
Y = 18%","X = 54%
Y = 18%","X = 54%
Y = 24%","X = 68%
Y= 24%"
,Starfire Shard,"1. When you deal damage, you have a 30% chance to rain meteorites in an area, knocking back enemies and dealing X% base damage + 2026 in total. 
2. The meteorites also scorch the ground for 2 seconds, Burning enemies in the area and continually dealing Y% base damage every second.
Cannot occur more often than once every 20 seconds. ",,,,"X = 200%
Y = 0%","X = 240%
Y = 0%","X = 240%
Y = 10%","X = 300%
Y = 10%","X = 300%
Y = 20%","X = 360%
Y = 20%","X = 360%
Y = 30%","X = 420%
Y = 30%","X = 420%
Y = 40%","X = 500%
Y= 40%"
,Spiteful Blood,"1. Taking damage while below 50% Life causes Spiteful Blood to surge through you for 4 seconds, increasing your damage done by X% and making you invulnerable to Primary Attacks from other players. 
2. In addition, when Spiteful Blood triggers you gain an absorb shield equal to Y% of your base damage. 
Spiteful Blood cannot trigger more often than once every 20 seconds.",,,,"X = 4%
Y = 0%","X = 8%
Y = 0%","X = 8%
Y = 40%","X = 12%
Y = 40%","X = 12%
Y = 80%","X = 18%
Y = 80%","X = 18%
Y = 120%","X = 24%
Y = 120%","X = 24%
Y = 160%","X = 30%
Y = 160%"
,Void Spark,"1. Dealing damage conjures a Void Spark for 6 seconds. While the Void Spark is active, dealing damage has a 30% chance of unleashing lightning that chains to a maximum of 8 nearby enemies, dealing X% base damage + 446 to each enemy 
2. and increasing your Attack Speed by Y%. Lightning strikes can only trigger once every 1 second. Conjuring a Void Spark can only occur once every 20 seconds.",,,,"X = 45%
Y = 0%","X = 55%
Y = 0%","X = 55%
Y = 4%","X = 65%
Y = 4%","X = 65%
Y = 8%","X = 80%
Y = 8%","X = 80%
Y = 12%","X = 95%
Y = 12%","X = 95%
Y = 16%","X = 110%
Y = 16%"
,"Maw of
the Deep","1. Dealing damage conjures a whirlpool at the enemy's location that pulls nearby enemies to its center. After 2 seconds, a massive sea monster erupts from the whirlpool, dealing X% base damage +1701 to all nearby enemies and knocking them up.  
2. The sea monster also destroys enemy armor for 6 seconds, increasing the damage they take from you by Y%.
Cannot occur more often than once every 20 seconds.",,,,"X = 140%
Y = 0%","X = 180%
Y = 0%","X = 180%
Y = 6%","X = 240%
Y = 6%","X = 240%
Y = 12%","X = 310%
Y = 12%","X = 310%
Y = 18%","X = 380%
Y = 18%","X = 380%
Y = 24%","X = 450%
Y = 24%"
,"Roiling
Consequence","1. Dealing damage sends you into a roiling rage for 6 seconds, during which your Critical Hit Chance is increased by X%, and critical hits cause a fiery explosion that burns nearby enemies for 36% base damage over 3 seconds (explosions cannot occur more often than once every 1 second). 
2. Your Critical Hit Chance against Burning enemies is increased by Y%.
Roiling rage cannot trigger more often than once every 20 seconds. ",,,,"X = 12%
Y = 0%","X = 18%
Y = 0%","X = 18%
Y = 3%","X = 24
Y = 3%","X = 24%
Y = 6%","X = 30%
Y = 6%","X = 30%
Y = 9%","X = 36%
Y = 9%","X = 42%
Y = 12%","X = 42%
Y = 12%"
,"Hilt of
many Realms","1. Dealing damage conjures 5 flying swords to follow you for 10 seconds, during which using a skill consumes a flying sword to create a Sword Rain at a random enemy location, dealing X% base damage +506 to nearby enemies. 
2. Sword Rain has a 50% chance to drop a massive sword, dealing an additional Y% damage to nearby enemies and knocking them airborne.
Conjuring flying swords cannot occur more than once every 20 seconds. ",,,,"X = 50%
Y = 0%","X = 60%
Y = 0%","X = 60%
Y = 10%","X = 75%
Y = 10%","X = 75%
Y = 20%","X = 90%
Y = 20%","X = 90%
Y = 30%","X = 105%
Y = 30%","X = 105%
Y = 50%","X = 125%
Y = 50%"
,Stormvault,"1. Dealing damage conjures a storm at the enemy's location that pursues enemies for 6 seconds, and continually deals X% base damage + 203 every 0.5 seconds to all nearby enemies. 
2. The storm also unleashes lightning, dealing Y% base damage per second to all nearby enemies and Slowing them by 10%.
Cannot occur more often than once every 20 seconds.",,,,,"X = 27,5%
Y = 0%","X = 27,5%
Y = 6%","X = 32,5%
Y = 6%","X = 32,5%
Y = 12%","X = 37,5%
Y = 12%","X = 37,5%
Y = 18%","X = 42,5%
Y = 18%","X = 42,5%
Y = 24%","X = 50%
Y = 24%"
,Wolfheart,"1. Dealing damage grants you Savage Heart for 6 seconds, causing your attacks to mark enemies. At 5 stacks the marks are consumed and slash the heart of the enemy, dealing X% base damage +385. 
2. Savage Heart also causes you to howl, granting Y% increased Attack Speed to you and nearby allies for 3 seconds. 
Savage Heart cannot trigger more than once every 20 seconds.",,,,"X = 40%
Y = 0%","X = 50%
Y = 0%","X = 50%
Y = 3,5%","X = 60%
Y = 3,5%","X = 60%
Y = 7%","X = 70%
Y = 7%","X = 70%
Y = 10,5%","X = 80%
Y = 10,5%","X = 80%
Y = 14%","X = 95%
Y = 14%"
,"Golden
Firmament","1. Dealing damage grants you Ascendance for 6 seconds and causing you to unleash 3 blasts of wind at random nearby enemies every second, dealing Y% base damage + 486 to enemies they hit.
Enemies struck by multiple blasts take 75% reduced damage from subsequent hits. 
2. And increasing your Evasion Rating by X% 
Cannot occur more often than once every 20 seconds.",,,,"X = 45%
Y = 0%","X = 55%
Y = 0% ","X = 55% 
Y = 3%","X = 65% 
Y = 3%","X = 65% 
Y = 6%","X = % 
Y = 6%","X = % 
Y = 9%","X = % 
Y = 9%","X = %
Y =12 %","X = 110%
Y = 12%"
,"Colossus
Engine","1. Granting yourself a Buff also grants you Colossal Strength for 6 seconds, increasing your Skill damage by X%, while also increasing your size and Skill range. 
2. Additionally, Colossal Strength also grants you immunity to knockback effects for Y seconds. 
Colossal Strength cannot occur more often than once every 20 seconds.",,,,"X = 15%
Y = 0s","X = 21%
Y = 0","X = 21%
Y = 1,2s","X = 27%
Y = 1,2s","X = 27%
Y = 2,4s","X = 34%
Y = 2,4s","X = 34%
Y = 3,6s","X = 42%
Y = 3,6s","X = 42%
Y = 4,8s","X = 50%
Y = 4,8s"
,Blood Foe,"1. Your Critical Hits cause you to enter a Bloodrage for 6 seconds, increasing your damage done by X% and your Critical Hit Damage by 2X%. While Bloodrage is active your Critical Hits also Rend Flesh, causing enemies to Bleed for an additional 10% base damage every second for 3 seconds. 
2. Additionally, you gain Y% increased Critical Hit Chance for each nearby Bleeding enemy, stacking up to a maximum of 4Y%. 
Bloodrage cannot trigger more often than once every 20 seconds and Rend Flesh cannot trigger on the same enemy more often than once every second.",,,,"X = 9%
Y = 0%","X = 11%
Y = 0%","X = 11%
Y = 1%","X = 13%
Y = 1%","X = 13%
Y = 2%","X = 16%
Y = 2%","X = 16%
Y = 3%","X = 18%
Y = 3%","X = 18%
Y = 4%","X = 20%
Y = 4%"
,Haunt Coil,"1. When you deal damage, you have a 10% chance to haunt the enemy for 6 seconds. Haunting an enemy while in Offensive Stance will cause them to take X% increased damage from you and haunting them while in Defensive Stance causes them to deal X% reduced damage to you. 
2. Additionally, haunted enemies will unleash blasts every 2 seconds, dealing Y% damage to surrounding enemies. Enemies hit by multiple blasts within 2 seconds take 50% reduced damage from each subsequent hit. 
Cannot haunt the same enemy more often than once every 20 seconds.",,,,"X = 20%
Y = 0%","X = 24%
Y = 0%","X = 24%
Y = 10%","X = 28%
Y = 10%","X = 28%
Y = 20%","X = 33%
Y = 20%","X = 33%
Y = 30%","X = 39%
Y = 30%","X = 39%
Y = 40%","X = 45%
Y = 40%"
,Fated Trail,"1. Dealing damage grants you Rampant Growth for 6 seconds, causing brambles to grow beneath the enemy's feet when you deal damage to them. Brambles deal damage to nearby enemies equal to X% of your maximum Life and can only be triggered once every second per enemy.
2. Additionally, the brambles shatter enemy armor, increasing the damage you deal to them by Y% for 2 seconds, stacking up to 6 times. When an enemy is first struck by brambles they will be Immobilized for 1.5 seconds. Rampant Growth can only be gained periodically.",,,,"X = 5%
Y = 0%","X = 6%
Y = 0%","X = 6%
Y = 1%","X = 7%
Y = 1%","X = 7%
Y = 2%","X = 8%
Y = 2%","X = 8%
Y = 3%","X = 9%
Y = 3%","X = 9%
Y = 4%","X = 10%
Y = 4%"
,,,,,,,,,,,,,,,
,,,,,,,,,,,,,,,
,,,,,,,,,,,,,,,
,,,,,,,,,,,,,,,
,Auxiliary Gems,,,,,,,,,,,,,,
,,,,,,,,,,,,,,,
,"If you've built up a 5* Legendary Gem just for gaining Resonance or if it is gem that is not suited for your class, your built or PVP in general, there is the possibility to replace its effect by",,,,,,,,,,,,,,
,slotting in an Auxiliary 5* Gem on top of your existing Gem. You will keep your Resonance and this Gem will replace the existing previous Gem Effect by the Level-1 effect of the Auxiliary Gem.,,,,,,,,,,,,,,
,,,,,,,,,,,,,,,
,Good Auxiliary Gems for PVP are:,,,,,,,,,,,,,,
,,,,,,,,,,,,,,,
,S,"Haunt
Coil","Blood
Soaked Jade","Colossus
Engine","Spiteful
Blood",,,,,,,,,,
,A,"Void
Spark",Stormvault,"Starfire
Shard","Maw of
the Deep","Blood
Foe",,,,,,,,,
,B,"Frozen
Heart","Phoenix
Ashes",,,,,,,,,,,,
,,,,,,,,,,,,,,,
,,,,,,,,,,,,,,,
,,,,,,,,,,,,,,,
,,,,,,,,,,,,,,,
,Gem Setups,,,,,,,,,,,,,,
,Some Legendary Gems might work great in certain content while being totally useless in other situations. Here are some suggestions for Gem Setups for different content: ,,,,,,,,,,,,,,
,,,,,,,,,,,,,,,
,,,,,,,,,,,,,,,
,Open World Farming,,,,,,,,,,,,,,
,- Gems with large AoE damage,,,,,,,,,,,,,,
,- Gems that provide movement speed buffs,,,,,,,,,,,,,,
,- Gems with DoT effects,,,,,,,,,,,,,,
,- Gems that increase Buff/Effect durations or reduce cooldowns,,,,,,,,,,,,,,
,,,,,,,,,,,,,,,
,AoE,,DoT,,Movement Speed,,,Buff/Effect Duration/CD Reduction,,,,,,,
,Void Spark,,Viper's Bite,,Blood Soaked Jade,,,Blessed Pebble,,,,,,,
,Fated Trail,,Roiling Consequence,,Colossus Engine,,,Trickshot Gem*,,,,,,,
,Golden Firmament,,Blood Foe,,Bottled Hope,,,Bottled Hope,,,,,,,
,Mourneskull,,Everlasting Torment,,Consecrated Will,,,Surging Sea,,,,,,,
,Igneous Scorn,,Seeping Bile,,Blessed Pebble,,,,,,,,,,
,Volatility Shard,,Starfire Shard,,Pain Clasp,,,,,,,,,,
,Mercy's Harvest,,Misery Elixir,,Grim Rhythm,,,,,,,,,,
,Tear of the Comet*,,,,,,,,,,,,,,
,Hellfire Fragment,,,,,,,,,,,,,,
,Hilt of many Realms,,,,,,,,,,,,,,
,Stormvault,,,,,,,,,,,,,,
,Zwenson's Haunting,,,,,,,,,,,,,,
,,,,,,,,,,,,,,,
,,,,,,,,,,,,,,,
,DPS (Raids / Challenge Dungeons),,,,,,,,,,,,,,
,- Gems that increase your damage,,,,,,,,,,,,,,
,"- Gems that provide debuffs (armorbreak, vulnerability)",,,,,,,,,,,,,,
,- Gems that increase Attack Speed,,,,,,,,,,,,,,
,- Gems that increase your Critical Hit Chance,,,,,,,,,,,,,,
,- Gems that deal additional damage based on your Attack Rate,,,,,,,,,,,,,,
,,,,,,,,,,,,,,,
,Damage % (permanent),,Damage % (buff),,Debuff,,Critical Hit Chance,,Attack Speed,,Additional Dmg,,,,
, Blood Soaked Jade,, Colossus Engine,, Specter Glass,, Roiling Consequence,, Void Spark,, Wolfheort,,,,
, Pain Clasp,, Mourneskull,, Chip o.the stone flesh,, Mother's Lament,, Wolfheort,, Gloom Cask (PA),,,,
, Fervent Fang,, Bottled Hope,, The Abiding Curse,, Berserker's Eye,, Grim Rhythm,,,,,,
, Berserker's Eye,, Blood Foe,, Gloom Cask,, Specter Glass,, Caarsens Invigoration (PA),,,,,,
, Bloody Reach,, Lightning Core,, Maw of the Deep,, Cutthroat's Grin,, Entropic Well,,,,,,
, Power&Command,, Havoc Bearer,, Kir Sling,,,, Havoc Bearer,,,,,,
, Entropic Well,, Igenous Scorn,,,,,, Everlasting Torment,,,,,,
, Surging Sea,, Mercy's Harvest,,,,,,,,,,,,
, Seleds Weakening,,,,,,,,,,,,,,
, Pain of Subjugation,,,,,,,,,,,,,,
, Eye of the Unyielding,,,,,,,,,,,,,,
,,,,,,,,,,,,,,,
,,,,,,,,,,,,,,,
,PVP,,,,,,,,,,,,,,
,"In PVP, the best Gem Setup depends on your class, your role, the PVP-Meta and sometimes the content (e.g. different setups for Tower / BG / Plattform)",,,,,,,,,,,,,,
,,,,,,,,,,,,,,,
,Generally good:,,,,,,,,,,,,,,
,- Gems that increase your movement speed,,,,,,,,,,,,,,
,- Gems with CC (Crowd Control) Effects,,,,,,,,,,,,,,
,- Gems that give you immunity or reduce harmful effect durations,,,,,,,,,,,,,,
,- Anti-Meta Gems,,,,,,,,,,,,,,
,If your role is damage dealer:,,,,,,,,,,,,,,
,- Gems that increase your burst damage,,,,,,,,,,,,,,
,- Gems that increase your Critical Hit Chance,,,,,,,,,,,,,,
,If your role is a tank or if you need a little bit more survivability:,,,,,,,,,,,,,,
,- Gems that provide shields,,,,,,,,,,,,,,
,- Gems that reduce damage taken,,,,,,,,,,,,,,
,If you're running a full DoT build:,,,,,,,,,,,,,,
,- Gems with DoT effects (see above),,,,,,,,,,,,,,
,,,,,,,,,,,,,,,
,,,,,,,,,,,,,,,
,General PVP Gems,,,,,,,,,,,,,,
,,,,,,,,,,,,,,,
,CC-Effects,,Movement Speed,,Immunity,,Meta Gems,,,,,,,,
, Crimson Behelit,,Blood Soaked Jade,, Spiteful Blood,, Faltergrasp,,,,,,,,
, Starfire Shard,,Colossus Engine,, Colossus Engine,, The Black Rose,,,,,,,,
, Maw of the Deep ,,Bottled Hope,, Unrefined Passage,, Misery Elixir,,,,,,,,
, The Abiding Curse,,Consecrated Will,,,,,,,,,,,,
, Kir Sling,,Blessed Pebble,,,,,,,,,,,,
, Cold Confidant,,Pain Clasp,,,,,,,,,,,,
, Fated Trail,,,,,,,,,,,,,,
,,,,,,,,,,,,,,,
,,,,,,,,,,,,,,,
,Offensive PVP Gems,,,,,,,,,,,,,,
,,,,,,,,,,,,,,,
,Damage %,,Critical Hit Chance,,Damage % (permanent),,Additional Dmg,,AoE Dmg,,,,,,
, Colossus Engine,, Roiling Consequence,, Blood Soaked Jade,, Gloom Cask,, Void Spark,,,,,,
, Mourneskull,, Mother's Lament,, Pain Clasp,, Wolfheort,, Golden Firmament,,,,,,
, Bottled Hope,,,, Entropic Well,,,, Storm Vault,,,,,,
, Blood Foe,,,, Surging Sea,,,, Starfire Shard,,,,,,
, Bloody Reach,,,, Berserker's Eye,,,,,,,,,,
,,,,, Fervent Fang,,,,,,,,,,
,,,,,,,,,,,,,,,
,,,,,,,,,,,,,,,
,Defensive PVP Gems,,,,,,,,,,,,,,
,,,,,,,,,,,,,,,
,Shields,,Reduce dmg taken,,Evasion / Block Chance,,Reduce Harmful Effects,,,,,,,,
, Spiteful Blood,, Crimson Behelit,, Golden Firmament,, Lucent Watcher,,,,,,,,
, Frozen Heart,, Battleguard,, Exigent Echo,, Power&Command,,,,,,,,
,,, Blood Soaked Jade,,,,,,,,,,,,
,,, Blessing of the Worthy,,,,,,,,,,,,
,,, Unrefined Passage,,,,,,,,,,,,
,,, Mossthorn,,,,,,,,,,,,